USE [master]
GO
/****** Object:  Database [MVC_Attendance_System]    Script Date: 7/18/2020 6:28:27 PM ******/
CREATE DATABASE [MVC_Attendance_System]
 CONTAINMENT = NONE
 ON  PRIMARY 
( NAME = N'MVC_Attendance_System', FILENAME = N'C:\Program Files\Microsoft SQL Server\MSSQL13.MSSQLSERVER\MSSQL\DATA\MVC_Attendance_System.mdf' , SIZE = 8192KB , MAXSIZE = UNLIMITED, FILEGROWTH = 65536KB )
 LOG ON 
( NAME = N'MVC_Attendance_System_log', FILENAME = N'C:\Program Files\Microsoft SQL Server\MSSQL13.MSSQLSERVER\MSSQL\DATA\MVC_Attendance_System_log.ldf' , SIZE = 8192KB , MAXSIZE = 2048GB , FILEGROWTH = 65536KB )
GO
ALTER DATABASE [MVC_Attendance_System] SET COMPATIBILITY_LEVEL = 130
GO
IF (1 = FULLTEXTSERVICEPROPERTY('IsFullTextInstalled'))
begin
EXEC [MVC_Attendance_System].[dbo].[sp_fulltext_database] @action = 'enable'
end
GO
ALTER DATABASE [MVC_Attendance_System] SET ANSI_NULL_DEFAULT OFF 
GO
ALTER DATABASE [MVC_Attendance_System] SET ANSI_NULLS OFF 
GO
ALTER DATABASE [MVC_Attendance_System] SET ANSI_PADDING OFF 
GO
ALTER DATABASE [MVC_Attendance_System] SET ANSI_WARNINGS OFF 
GO
ALTER DATABASE [MVC_Attendance_System] SET ARITHABORT OFF 
GO
ALTER DATABASE [MVC_Attendance_System] SET AUTO_CLOSE OFF 
GO
ALTER DATABASE [MVC_Attendance_System] SET AUTO_SHRINK OFF 
GO
ALTER DATABASE [MVC_Attendance_System] SET AUTO_UPDATE_STATISTICS ON 
GO
ALTER DATABASE [MVC_Attendance_System] SET CURSOR_CLOSE_ON_COMMIT OFF 
GO
ALTER DATABASE [MVC_Attendance_System] SET CURSOR_DEFAULT  GLOBAL 
GO
ALTER DATABASE [MVC_Attendance_System] SET CONCAT_NULL_YIELDS_NULL OFF 
GO
ALTER DATABASE [MVC_Attendance_System] SET NUMERIC_ROUNDABORT OFF 
GO
ALTER DATABASE [MVC_Attendance_System] SET QUOTED_IDENTIFIER OFF 
GO
ALTER DATABASE [MVC_Attendance_System] SET RECURSIVE_TRIGGERS OFF 
GO
ALTER DATABASE [MVC_Attendance_System] SET  ENABLE_BROKER 
GO
ALTER DATABASE [MVC_Attendance_System] SET AUTO_UPDATE_STATISTICS_ASYNC OFF 
GO
ALTER DATABASE [MVC_Attendance_System] SET DATE_CORRELATION_OPTIMIZATION OFF 
GO
ALTER DATABASE [MVC_Attendance_System] SET TRUSTWORTHY OFF 
GO
ALTER DATABASE [MVC_Attendance_System] SET ALLOW_SNAPSHOT_ISOLATION OFF 
GO
ALTER DATABASE [MVC_Attendance_System] SET PARAMETERIZATION SIMPLE 
GO
ALTER DATABASE [MVC_Attendance_System] SET READ_COMMITTED_SNAPSHOT ON 
GO
ALTER DATABASE [MVC_Attendance_System] SET HONOR_BROKER_PRIORITY OFF 
GO
ALTER DATABASE [MVC_Attendance_System] SET RECOVERY FULL 
GO
ALTER DATABASE [MVC_Attendance_System] SET  MULTI_USER 
GO
ALTER DATABASE [MVC_Attendance_System] SET PAGE_VERIFY CHECKSUM  
GO
ALTER DATABASE [MVC_Attendance_System] SET DB_CHAINING OFF 
GO
ALTER DATABASE [MVC_Attendance_System] SET FILESTREAM( NON_TRANSACTED_ACCESS = OFF ) 
GO
ALTER DATABASE [MVC_Attendance_System] SET TARGET_RECOVERY_TIME = 60 SECONDS 
GO
ALTER DATABASE [MVC_Attendance_System] SET DELAYED_DURABILITY = DISABLED 
GO
EXEC sys.sp_db_vardecimal_storage_format N'MVC_Attendance_System', N'ON'
GO
ALTER DATABASE [MVC_Attendance_System] SET QUERY_STORE = OFF
GO
USE [MVC_Attendance_System]
GO
ALTER DATABASE SCOPED CONFIGURATION SET MAXDOP = 0;
GO
ALTER DATABASE SCOPED CONFIGURATION FOR SECONDARY SET MAXDOP = PRIMARY;
GO
ALTER DATABASE SCOPED CONFIGURATION SET LEGACY_CARDINALITY_ESTIMATION = OFF;
GO
ALTER DATABASE SCOPED CONFIGURATION FOR SECONDARY SET LEGACY_CARDINALITY_ESTIMATION = PRIMARY;
GO
ALTER DATABASE SCOPED CONFIGURATION SET PARAMETER_SNIFFING = ON;
GO
ALTER DATABASE SCOPED CONFIGURATION FOR SECONDARY SET PARAMETER_SNIFFING = PRIMARY;
GO
ALTER DATABASE SCOPED CONFIGURATION SET QUERY_OPTIMIZER_HOTFIXES = OFF;
GO
ALTER DATABASE SCOPED CONFIGURATION FOR SECONDARY SET QUERY_OPTIMIZER_HOTFIXES = PRIMARY;
GO
USE [MVC_Attendance_System]
GO
/****** Object:  Table [dbo].[__MigrationHistory]    Script Date: 7/18/2020 6:28:28 PM ******/
SET ANSI_NULLS ON
GO
SET QUOTED_IDENTIFIER ON
GO
CREATE TABLE [dbo].[__MigrationHistory](
	[MigrationId] [nvarchar](150) NOT NULL,
	[ContextKey] [nvarchar](300) NOT NULL,
	[Model] [varbinary](max) NOT NULL,
	[ProductVersion] [nvarchar](32) NOT NULL,
 CONSTRAINT [PK_dbo.__MigrationHistory] PRIMARY KEY CLUSTERED 
(
	[MigrationId] ASC,
	[ContextKey] ASC
)WITH (PAD_INDEX = OFF, STATISTICS_NORECOMPUTE = OFF, IGNORE_DUP_KEY = OFF, ALLOW_ROW_LOCKS = ON, ALLOW_PAGE_LOCKS = ON) ON [PRIMARY]
) ON [PRIMARY] TEXTIMAGE_ON [PRIMARY]

GO
/****** Object:  Table [dbo].[AspNetRoles]    Script Date: 7/18/2020 6:28:29 PM ******/
SET ANSI_NULLS ON
GO
SET QUOTED_IDENTIFIER ON
GO
CREATE TABLE [dbo].[AspNetRoles](
	[Id] [nvarchar](128) NOT NULL,
	[Name] [nvarchar](256) NOT NULL,
 CONSTRAINT [PK_dbo.AspNetRoles] PRIMARY KEY CLUSTERED 
(
	[Id] ASC
)WITH (PAD_INDEX = OFF, STATISTICS_NORECOMPUTE = OFF, IGNORE_DUP_KEY = OFF, ALLOW_ROW_LOCKS = ON, ALLOW_PAGE_LOCKS = ON) ON [PRIMARY]
) ON [PRIMARY]

GO
/****** Object:  Table [dbo].[AspNetUserClaims]    Script Date: 7/18/2020 6:28:29 PM ******/
SET ANSI_NULLS ON
GO
SET QUOTED_IDENTIFIER ON
GO
CREATE TABLE [dbo].[AspNetUserClaims](
	[Id] [int] IDENTITY(1,1) NOT NULL,
	[UserId] [nvarchar](128) NOT NULL,
	[ClaimType] [nvarchar](max) NULL,
	[ClaimValue] [nvarchar](max) NULL,
 CONSTRAINT [PK_dbo.AspNetUserClaims] PRIMARY KEY CLUSTERED 
(
	[Id] ASC
)WITH (PAD_INDEX = OFF, STATISTICS_NORECOMPUTE = OFF, IGNORE_DUP_KEY = OFF, ALLOW_ROW_LOCKS = ON, ALLOW_PAGE_LOCKS = ON) ON [PRIMARY]
) ON [PRIMARY] TEXTIMAGE_ON [PRIMARY]

GO
/****** Object:  Table [dbo].[AspNetUserLogins]    Script Date: 7/18/2020 6:28:29 PM ******/
SET ANSI_NULLS ON
GO
SET QUOTED_IDENTIFIER ON
GO
CREATE TABLE [dbo].[AspNetUserLogins](
	[LoginProvider] [nvarchar](128) NOT NULL,
	[ProviderKey] [nvarchar](128) NOT NULL,
	[UserId] [nvarchar](128) NOT NULL,
 CONSTRAINT [PK_dbo.AspNetUserLogins] PRIMARY KEY CLUSTERED 
(
	[LoginProvider] ASC,
	[ProviderKey] ASC,
	[UserId] ASC
)WITH (PAD_INDEX = OFF, STATISTICS_NORECOMPUTE = OFF, IGNORE_DUP_KEY = OFF, ALLOW_ROW_LOCKS = ON, ALLOW_PAGE_LOCKS = ON) ON [PRIMARY]
) ON [PRIMARY]

GO
/****** Object:  Table [dbo].[AspNetUserRoles]    Script Date: 7/18/2020 6:28:29 PM ******/
SET ANSI_NULLS ON
GO
SET QUOTED_IDENTIFIER ON
GO
CREATE TABLE [dbo].[AspNetUserRoles](
	[UserId] [nvarchar](128) NOT NULL,
	[RoleId] [nvarchar](128) NOT NULL,
 CONSTRAINT [PK_dbo.AspNetUserRoles] PRIMARY KEY CLUSTERED 
(
	[UserId] ASC,
	[RoleId] ASC
)WITH (PAD_INDEX = OFF, STATISTICS_NORECOMPUTE = OFF, IGNORE_DUP_KEY = OFF, ALLOW_ROW_LOCKS = ON, ALLOW_PAGE_LOCKS = ON) ON [PRIMARY]
) ON [PRIMARY]

GO
/****** Object:  Table [dbo].[AspNetUsers]    Script Date: 7/18/2020 6:28:29 PM ******/
SET ANSI_NULLS ON
GO
SET QUOTED_IDENTIFIER ON
GO
CREATE TABLE [dbo].[AspNetUsers](
	[Id] [nvarchar](128) NOT NULL,
	[Email] [nvarchar](256) NULL,
	[EmailConfirmed] [bit] NOT NULL,
	[PasswordHash] [nvarchar](max) NULL,
	[SecurityStamp] [nvarchar](max) NULL,
	[PhoneNumber] [nvarchar](max) NULL,
	[PhoneNumberConfirmed] [bit] NOT NULL,
	[TwoFactorEnabled] [bit] NOT NULL,
	[LockoutEndDateUtc] [datetime] NULL,
	[LockoutEnabled] [bit] NOT NULL,
	[AccessFailedCount] [int] NOT NULL,
	[UserName] [nvarchar](256) NOT NULL,
	[DepartmentID] [int] NULL,
 CONSTRAINT [PK_dbo.AspNetUsers] PRIMARY KEY CLUSTERED 
(
	[Id] ASC
)WITH (PAD_INDEX = OFF, STATISTICS_NORECOMPUTE = OFF, IGNORE_DUP_KEY = OFF, ALLOW_ROW_LOCKS = ON, ALLOW_PAGE_LOCKS = ON) ON [PRIMARY]
) ON [PRIMARY] TEXTIMAGE_ON [PRIMARY]

GO
/****** Object:  Table [dbo].[Attendances]    Script Date: 7/18/2020 6:28:29 PM ******/
SET ANSI_NULLS ON
GO
SET QUOTED_IDENTIFIER ON
GO
CREATE TABLE [dbo].[Attendances](
	[StudentID] [nvarchar](128) NOT NULL,
	[Date] [datetime] NOT NULL,
	[Time_Attendance] [datetime] NOT NULL,
	[Time_Leave] [datetime] NULL,
 CONSTRAINT [PK_dbo.Attendances] PRIMARY KEY CLUSTERED 
(
	[StudentID] ASC,
	[Date] ASC
)WITH (PAD_INDEX = OFF, STATISTICS_NORECOMPUTE = OFF, IGNORE_DUP_KEY = OFF, ALLOW_ROW_LOCKS = ON, ALLOW_PAGE_LOCKS = ON) ON [PRIMARY]
) ON [PRIMARY]

GO
/****** Object:  Table [dbo].[Departments]    Script Date: 7/18/2020 6:28:29 PM ******/
SET ANSI_NULLS ON
GO
SET QUOTED_IDENTIFIER ON
GO
CREATE TABLE [dbo].[Departments](
	[DepartmentID] [int] IDENTITY(1,1) NOT NULL,
	[DepartmentName] [nvarchar](max) NULL,
 CONSTRAINT [PK_dbo.Departments] PRIMARY KEY CLUSTERED 
(
	[DepartmentID] ASC
)WITH (PAD_INDEX = OFF, STATISTICS_NORECOMPUTE = OFF, IGNORE_DUP_KEY = OFF, ALLOW_ROW_LOCKS = ON, ALLOW_PAGE_LOCKS = ON) ON [PRIMARY]
) ON [PRIMARY] TEXTIMAGE_ON [PRIMARY]

GO
/****** Object:  Table [dbo].[Permissions]    Script Date: 7/18/2020 6:28:29 PM ******/
SET ANSI_NULLS ON
GO
SET QUOTED_IDENTIFIER ON
GO
CREATE TABLE [dbo].[Permissions](
	[StudentID] [nvarchar](128) NOT NULL,
	[Date] [datetime] NOT NULL,
	[Note] [nvarchar](max) NULL,
	[status] [int] NOT NULL,
 CONSTRAINT [PK_dbo.Permissions] PRIMARY KEY CLUSTERED 
(
	[StudentID] ASC,
	[Date] ASC
)WITH (PAD_INDEX = OFF, STATISTICS_NORECOMPUTE = OFF, IGNORE_DUP_KEY = OFF, ALLOW_ROW_LOCKS = ON, ALLOW_PAGE_LOCKS = ON) ON [PRIMARY]
) ON [PRIMARY] TEXTIMAGE_ON [PRIMARY]

GO
INSERT [dbo].[__MigrationHistory] ([MigrationId], [ContextKey], [Model], [ProductVersion]) VALUES (N'202003101338205_v1', N'MVC_Attendance_System.Migrations.Configuration', 0x1F8B0800000000000400DD5DDB6EE4B8117D0F907F10F4942CBCDDBE640613A3BD0B6F7B9C18195F30ED19E4CD604BECB63012D52B515E1B41BE2C0FF9A4FC428ABAF2AA5BABBBB5830506D32279582C56158BC5AAD9FFFDE7BFB39F5F03DF7AC151EC85E4C23E991CDB16264EE87A647D612774F5E307FBE79FFEF887D9473778B5BE16FDCE583F1849E20BFB99D2CDF9741A3BCF3840F124F09C288CC3159D386130456E383D3D3EFEEBF4E4648A01C2062CCB9A7D4E08F5029CFE809FF39038784313E4DF862EF6E3FC3BB42C5254EB0E0538DE20075FD8B75FE74F979462E22218F4B4788B290E26D938DBBAF43D04342DB0BFB22D44484811058ACFBFC47841A390AC171BF880FCC7B70D867E2BE4C7385FC979D5BDEDA28E4FD9A2A6D5C002CA49621A061D014FCE722E4DE5E1BD786D975C043E7E047ED337B6EA949717F68D8BD34F9F431F18204F783EF723D619D85D4E71196FEE309D14032719E4750470BF85D1B7098F7864B51E77544AD5E9E498FD7764CD139F2611BE2038A111F28FAC8764E97BCE3FF0DB63F80D938BB393E5EAECC3BBF7C83D7BFF177CF68E5F29AC15FA091FE0D343146E7004B4E155B97EDB9A8AE3A6F2C072183726E30AC81228886DDDA2D74F98ACE933A8CEE907DBBAF65EB15B7CC985EB0BF1409F60108D12F87997F83E5AFAB86C9FD6CEC9FEAC99F5F4DDFB4166BD432FDE3ADD7A697E509C08F4EA33F6D3D6F8D9DB64EA25ECF753DEED3A0A03F65B94AFACF569112691C316131ABB3CA2688DA948DD6C5A096F2B916650C38B75813A7ED16694AAE2ADEDCA16D447138A29F6AD0D05BDBB9DB7B5C45D6E36B079A968318ED40A5CCDB135917040C474BD2B713A692B4E0496F93D5BC78F01F2FC01CC638B59C04759795180CB55FE12823022D299E60714C7601DDCBFA3F8B98674F8EB00A42FB0934420B40B8A82CDCE677B780E09BE4B8225D385FDCD35D8D63CFE165E238786D147C2466D8DF72974BE8509FD48DC2B44F117EA1480ECE7A317B40718849C4BC7C1717C0DC28CDD79082E78017843E8D969673866AA0EED9ECC7DE4057AFF4432AA4F45D7CA47D1F750FC1443379DAF5247AA8B3728A201666CD7907B55363F2D68C23C0A81564D73494141A8AE4FB198B6547E0AD71E69C7D0A2AB99A1598F4686E6DDBA329481B5A334EF692634EDD04867D66B301F3595A3E19DD41476FC5EEA762E86C962716C5C801DC77FC30447606CDD0704EE5444AA1D6863DD0EE1D2A4DBC726DDF9099ACEF415F9C9D053B5D6862BCE24F6749D2B88C37BCD152D3757DD855B1CBD2F31AF666D38CA7BCA9CD17A5787DC3087A16CBCEB0ECCAD4D777A620D6FBA53D8F19BEE944CF8FCE2B9CCD16F1167283A037CABFEFA1046B30E4994EDDB760BCBDCF7E4FB39B04CEA7219C7A1E3A55AA08930E7F141917EB81659CDC1C26C3572C011160682EE31FF0CBEC0DA6C59A8EEC915F631C5D6A59345E0E7287690ABB21116E47620AC74BA55C2AAC0A348DC0FCA9C20E9386283108B2BC4A0A91EA1AA5A78C4F136C86FE49234B2A5BFC5D65ECE21B780F9847314266CE4449BC9F571464640398FB4294D1C9A4D3989AB1744C345D0B4E74DB7C26ADF95F0DF5E64B2E13A6A90CBFCB2B113C1ACE7D81E84B39E256D0830C6CCF721A03A6FC7B4FBB5AE4FB5F5BC672DEEF9F16472A26C7B3DBE46B41A44FF07F9D0E8ADAC7990A1AD32C81187B129AB14EA30286BEE5EEE4559458E1D405945968C5E59F5B1A5B6FB2F059AC6269E62846BFF2E4E2DBB0E209B023F46269A991F0E63288CC0912A9E574BD6885F75C115A033BFABC6B9DB2F8B08035F602AC65A2BDF5FEB932BA78A08220B511D6025680DA079E68102A4285407E28AA7825AEA728FAA01B63A4F7578FC31DD81BE22F25E4B5F7E8848B09C30A9D87C2A07D7D19CF0214B79AB2B5DB9B252AC146D697503E3703492255B4171E12D98627A3F5219D3E682D1E58AC12D2CDF8C1A06355C070C4C2A16B33597B4913A95458D2E6E6B27975B90A05B352CAAF3699B783D80E014DADA2C383A67B78BBBBB95E048AEA941708AC50CCEA55C6D9B99A471B83AB85C5BB148748F06B23F4544AD3CC9CBB6D9344B7FCD3FCCA6863CD9D92DDA6C3CB2E6F266F32FD6224B9A9DFFB8E89E431A64185327D6A49296D49633D130426B2CB5C2D440E9B517C5F40A51B4442C9E387703A59BD66F319C88C594BC6BA26E62713416BDD9DFB311B50F4A8247A3BA7C39DA35AC95199474D9582309FAE116CB68463E8A340F9BF3D04F02627663CDA3B3971B7E7CF64545984D25FA153755E19B72991037A1D516A9EA31F87695FE62FF2D334398185F78FB3CEB4D3700334A111CE5514C01D3836DA1C9DFEBB96DB277DE7DD71A1176A36B79C6210F907FEA88C125AD29605C5B7B5431AF90C7145BDA234AC9833CA4D4D4814A3E455020926FE88567E0A8BE47FB19D4A4401E5D6D6D8FAC490FE4A135CD3DB03534CB6DED513519843CB0A6B93D76954E289BD3119F66C6ABDE00C7591660D8EE3C3360ECC6360E731C7209503C10F7B923569EE2A480E5DF472357FC75763081E2224CDD25A96EB089E5621A13CFF4BAF4A87688AA7990DB46B3999A3BF34E8C4416E5DBCE481830CC478B9064239E2CB59941664C21734638BDEB3287CC78DD4CD1AE6544BCFB9BB49E0BA075566E6E6C474799853B8C0AA784DF54D67534025516FC53BD3D48DFAD0AD87E341BDF6D7A9F7DB5448177E97AE94BE14DCC72A8CAFCA91EEB97E345AA58296123B94B29D465F8480A13CDF2904D73CDB512C3C9BAD856A19D7021C8049375982C7EF5E7BE973E6A141D6E11F15638A65912A27D7A7C722A156B8FA7707A1AC7AEAF097999AAA7C58DDB43F23B794191F38C2235BB6F8BE2E20A54792CBC212E7EBDB0FF958E3A4F63A3EC6FE9E72310F62FC4FB358186C728C1D6BFD502A0618A2DEBC334232D8D6DCFD59B7F3E65438FACFB0834E6DC3A9678D96787C582D94ED46443B7A0A67719EDEF57A1847A542DAAA410FDCB4F971E1DA4F4B4A0F24F017AFD7357D2B4E5A55B216A4A4887C21B8485A612D13E58C6F250177ED2B43CB4DB62F5E5A27D4833968A7AA43B985C28DADE0C152387396A54CA8CDE18B7D816A6D20023DACEBAADDCA27E70EFC632654A63D5D156C50B873E35951ABCAD4C905A67D701AE4F2D5D0F9118BE746D2762A2AF56DB053B1BE223DF65A1D4606E90A60E6A30EC435A8A9D173F8DA5DEA9CABE3C6C99D33E2B9B6A3208BEAB82A611A49D6BD2680F5FB6B46F59333DEF8DACDEA15F71D230C5485B48EE403252FB7CD6CD8DEA24287D64B34368FD0046AA5B21D7C88C549E4B7FF872AD7D1B29D3F3E2C88CD45645592393B543F95D0796B4D6AED7C14BACD48C66795BF5953BD9DE553708AD9B9FBDAC81315F862004D94D24FB5740F479E5A6C92A61314E5875314F6A4E6897275614479957E9513F6DB7B5E68E62ED62F33EF5D31A2A63E4B9799F4699946FD4CD5653B8D25CF7D5AEECAB7E91862A8E43148769EB2874957F0D06D390DBA2AD211C733198B0928622C6A64B958127FACAC5D1D57E196ABDBA54EC7461E6A82BBD06910AC17C18B2C07E3F855D83B06448DBD1A1904BCDBC012F85FB7F2280A7147BEB0A82E51611EC08FE49D9E786ACC2C24D92282ABA4831D45B4C910BCECB6544BD15722834B3E7BEF41F8C4A1F2AD8A3F312BB37E43EA19B84C29271B0F485903473B7EAE64FABD5449A67F71BF62B1E620940A6C79E49EFC92F89E7BB25DDD79AA8AD0182F971F9DB04DB4BCADE28D66F25D25D485A02E5EC2BDDCF471C6C7C008BEFC902BDE03EB481F87DC26BE4BC55317A1348F346886C9F5D79681DA120CE31AAF1F01364D80D5E7FFA3F3A7ACB601A640000, N'6.1.3-40302')
INSERT [dbo].[__MigrationHistory] ([MigrationId], [ContextKey], [Model], [ProductVersion]) VALUES (N'202003101404343_create_Attendance_Table', N'MVC_Attendance_System.Migrations.Configuration', 0x1F8B0800000000000400E55D596FE4B8117E0F90FF20F453B2F076FBC80C26467B17DEB6BD31E26330ED19E4CD604B745B181DBD12E5B511EC2FDB87FCA4FC85903A798B3A5AD26CB0C0C02D921F8BC5AA6215C9E2FEF7F7FF2C7F7CF53DEB0546B11B0667B3A3F9E1CC82811D3A6EB03D9B25E8E9FB0FB31F7FF8F39F96978EFF6A7D29EA9D907AB865109FCD9E11DA9D2E16B1FD0C7D10CF7DD78EC2387C42733BF417C00917C787877F5F1C1D2D208698612CCB5A7E4A02E4FA30FD817FAEC2C0863B9400EF3674A017E7DF71C93A45B5EE800FE31DB0E1D9ECF6CBEAF11C21183800377A5CBFC508FAF3ACDDCC3AF75C80695A43EF6966812008114098E2D3CF315CA3280CB6EB1DFE00BC87B71DC4F59E8017C37C24A75575D3411D1E93412DAA8605949DC428F41B021E9DE45C5AF0CD5BF17A567211F3F112F31BBD9151A7BC3C9B5D3B30FDF429F43003F80E4F575E442A6376975D9CC7BB3B88E645C37906791561B85FC3E8EB9C463CB08CDB1D9452753C3F24FF1D58ABC4434904CF0298A0087807D6C764E3B9F63FE1DB43F815066727479BA7930FEFDE03E7E4FDDFE0C93B7AA478ACB81EF3017FFA18853B1861DAE05339FE99B560DB2DF8866533AA4DC6152C4B584166D62D78BD81C1163D63D539FE30B3AEDC57E8145F72E1FA1CB8589F70231425F8E75DE27960E3C1B27CA1ED93FCABE9F5F8DDFB5E7ABD032FEE369D7AAE7FAC3811D6AB4FD04B4BE3677797A91733DF8F79B5AB28F4C96F56BEB2D2C775984436194CA8ACF200A22D442C75CB4525BC46224DA0FA17EB0275FAA24D2815C55B5A950CA88D26145D0CAD0D05BDFBEDD758E2CE773B3C79A968118E68054EB36CCD391C2C62B2DA95381D998A538087F947B68E973E70BD1ECCA3412FD8477972231F96A3FC29C4C20882C6347F04718CAD83F30F103F6B48C77FF640FA1ADA498485768D80BFDB7B6F1F9FC300DE25FE86E8C2707DF536350FBF8657C04661741990569DF16E42FB6B98A0CBC0B900087E467601487E3EB8BE39402FE49CDB368CE32B2CCCD05985D8052F00AF037472DC188E98AAB1DD13501A49A98F42DB509490659AF651C4D2D201297C144995C28D312571E501D797BB509CDD7F2CAA52244A6B08AE94A29ACC9DD291EAC01D88909FB24942EE45595C3083A155522CF05356A729436FC2AD1B9831B4A8AA666856A396A179B5A60C25606694E635D584A6156AE9CC6A7572A3CF29956AEBCF9405E3BB32B9985D5F1839C4C43037777DA83E86F6803282F955A5E9BA871B3DD2F3DE07DE0D042F2DA094BA541AF03EECBCA047EAA5A0732C9A1AE3FE83D11476FAD168B75042E599506C5C637F0DFE0C03186119733E128F200AAA1930F162C6085DD2E9239DEEDD534E7BFA02BCA4EFAE8CB5E182F22B5A2E2915C4F84B4A458BB8AAD40B37DB7A2831AF7AAD71D95BCA5C9DD9967B412D3C4ADE72EBBCCECEA63B75FBFA37DD29ECF44D774A26FEFCE23A24A037709F8ACA18DEA8BE7CABB25E8738CA86B6DDCC3087EE7C98054BA52EE7711CDA6EAA059293A4FC1C80A5FF3270ACFA43816C34FCC1021E181674970439F80B1EDB8C17AAFBE0027A1041EBDCCE4EDA5620B68123F1E2311D0D082B235791B0EA808125EE3BA14F2CE930228D00D93F8CB1A6BA0112D5C20D6C7707BC5A2E712D0DFD2D32F6B20FBE049B4FBC8EE20E6B3961D2B9FC3C811050F6C34D4A1D87960B4AE2F48228090254F3AD8B08AAF9A623A2BA99D6624B6449383AD8A39CB79242F530069042F5FC9874AE0BF9071144F9B69E52606AF6F8C6119A5AFA6A0C641EF5EEC542EA3936847C6A59624280F29076080195B9DDAAD9D7FAE0D5D4D3211E3BE787F3F991C65C6A778D8D45FF3BDE7B69ADACF996B1A932F0FBC75353566EE35AA1AC799C3388B2B21C1B415959964C5E59E52705A6F3CF1D1B4C4D3CD9F38AE17D6D2DBB46904D861F1313CD2C20C46D106E0123513C2F36A410BECA76F9309DF9A6499CC79FBC8810F03544ECC95915844A8343615561417821D201568256039A5F7513800485AAC1A97C5C291A157B3418657182AC1D66EE9AD5C0560BB30C8F5EEF1BD0571CC86AE9CB57230E96924A119BBE844855545F55E4D5C56893A21C59299F82DA19ED2950381211E5CD293B7003A6C84EC344A6D485CBA60133351846A435ACD184C8145A3E9DDDD9A1B86521618941E0D62474AB1B4C93304B2133C5603A7349BA152FB2A83674300E1EA80131A646C3225DAC3080E014C6AB5E706441449330A293E0702EBF42708AC1F4CEA5DC8AD53349E2C83670653BB188753B7B32C7C59679E9219565CB4596C7927F582E14092FCB5BB0DBB9C1964A80C9BF58EB2CFB65F5FDBA7932889F612C6C86DBBC3F57F684C2086C21578ABBC6945EB9518C2E00021B400E0C568E2F5493FA830A07A1E89276F9C4492C3C85A236F93B6BA13D31663C45D195CED1AEF058894149870D2592206F6E91D424E08148727361157A891FA8C30375EBEC68966E9F7D1111960B8E7EC1FD17F8260469EC24184D91A81EBD4F57E987B79F3235848AF1451445B35E1559A9518AD30F1A45752232DA14AADCDF96D3C6473DCD67AD16613FBA96A70ED000F9A78618D4ED73018C2A3347651304684CB6C41C91CB02A021B9A20654D277FD1922E98256780A8ECA6B98F720DEEEA7D1C5527364C93D7F1A5A52DC025B42335F668E2A4905A08125C5E6D8555E006F4E27B69AD1E16A7F06B1DAB869610B358D95CA5D9D76328AAD3E04556365B7896918D985681D82709598D131BEB0216E7EA55880CCBF4F46B02401FA5EFCA46C23AF9BA3A4C0D8CFA2DB8F9F455D9DA581A8CF0DB1F2CBB10258FE7D327245EF93F42650D44E6E7349D235561A19E6022C636C34176BCD10C575872F9BCC644A3663F66224B2DDF46E464281A1F65998EB99ACCBA2BD53AAC664EE5C326EA1EECEA91AAF9929DAB78CB09B4A2AADA776661B2B37D5B6610446F6D1940A27ECEB8AAC6B6804AA24C447BD3D480F9A0BD876342B0F5A5BAF7D5AA270D8E2B8E9D1FE754C6EDF96376F5B8C9FDF8814C54AD88FE4AB94425DEE4B72FB8FCB7C2FB0FE551E617330AB32B30AEDC40E692698A4C27CFD8BB7F2DCF460AAA8700B02F709C628BBBE3E3B3E3C3AE69EF399CED33A8B38763CC95EAAEA7D1D76E206489B0A5E40643F8348BC17DEE1F9990A5438DDBF0E1CF87A36FB77DAEA34DD74277FA59F0FB0B07F0EDC5F125CF01025D0FA4D4C11EFE7390EFDFEDF441F4F31E7EAF5BF1EB3A607D67D8435E6D43AE478D96686D927551A519335ED404DEB8756BE5D85625E2C91A2720AD1FE81928D8B7A799CA4A0F22F3E78FD6B53D2A40F907442943C32D2175E2F2C543D22D2064BF98088837F222E9FDA64B0F20745DA90A67C4CC40D9A83F14F89989BA1A2653F4B8D4899D21BA3066B602A1530ACEDD44D659BE71B5A58C9515E4B68B4E894AD7B5D05E9671464BAD5E519856E78CC330A86501D9E29187C654D35A836B9B9538EE4D82E9690EADF69BD12D3F91BC0B549D96F2112FD67C8EF454CE449F1FB6067CD66DA1F321FBB379F59926EDD1BF6989662EF39D65349ABAEEED68F9B4D3D6402B5E61ED3379C37CDE7388C9F5024B85B8D53B7FB481C1A3629FAFF200B7A02A2254999193FD7796813A6BA6230B124C97619CDFD64307790DC9E64447B84DFCC3B6F66915AC86683E3BD118C54B3ECEF8919A93C6F6EFC1CEFA18D94EA8AC3C48C54A74CEE89C9DA58EEFCC89266ECD18F9E972DA6EBF0D32ACFD2CDE6AE0A4CA5D16376BA8F8DF926C4429005B8D91B76F2A429556795B0283BACAAA83B55676BF11D0B8A23F42BD4D0776BD025158A88BD5185D28ED419B5F579E06669E0FAF129F24BF9BE69E749E8942E94F5A649FFAC4F2637CB25D70F52910B3946C6B9341B51F62E418D6596A0285F38984686B95C33A517D4CC72CB15A9E9DF5446796B36288D81E202F8E413C81509E34DD27E9B3073D2E9E2BD4805633D15377EBF9DECF05E58D2A7E96C900D2EDEB2C4DE20F57F48C41E69EC6E2B08728F348036E3079675AE83A7B07047398A8A2ADC11C82D44C0C14EE27984DC2760235C4CAE76A4CFCAA6E78CE482D1063AD7C17D827609C24386FEC6634E94885BABEB3F4D7967695EDEEFC8AFB88F2160325D72367E1FFC94B89E53D27D2539745140107F393F5A247389C811E3F6AD44BA0B0343A09C7DA59BFF00FD9D87C1E2FB609D1EE537A70D8BDF0DDC02FBAD3A625381D44F04CBF6E5850BB611F0E31CA36A8F7F621976FCD71FFE07D919B59528740000, N'6.1.3-40302')
INSERT [dbo].[__MigrationHistory] ([MigrationId], [ContextKey], [Model], [ProductVersion]) VALUES (N'202003101415160_create_Permission_Table', N'MVC_Attendance_System.Migrations.Configuration', 0x1F8B0800000000000400ED5D596FE4B8117E0F90FF20F453B2F076FBC80C26467B175E1F1B23E303D39E41DE0C5AA2DBCAE8E895A8591B417E591EF293F21742EAE42D5252ABE5C56281855B243F168BC562B1C8AAF9DF7FFEBBFCF1250C9C6F3049FD383A991DCCF7670E8CDCD8F3A3F5C92C434FDF7F98FDF8C31FFFB0BCF0C217E74B55EF88D4C32DA3F464F68CD0E678B148DD671882741EFA6E12A7F1139ABB71B8005EBC38DCDFFFEBE2E0600131C40C6339CEF25316213F84F90FFCF32C8E5CB8411908AE630F0669F91D97AC7254E7068430DD00179ECCAEBF9C3D9C2204230FE0460FABD714C1705EB49B39A7810F304D2B183CCD1C1045310208537CFC39852B94C4D17AB5C11F4070FFBA81B8DE130852588EE4B8A96E3AA8FD4332A845D3B08272B314C5A125E0C151C9A505DFBC13AF673517311F2F30BFD12B1975CECB93D99507F34F9FE2003380EFF0F82C484865CCEEBA8BD3747303D1BC6A382F202F130CF76B9C7C9DD3887B8E71BBBD5AAA0EE7FBE4BF3DE72C0B5096C09308662801C19E73973D06BEFB77F87A1F7F85D1C9D1C1E3D3D18777EF8177F4FE2FF0E81D3D523C565C8FF9803FDD25F106269836F8548F7FE62CD8760BBE61DD8C6A537005CB125E2033E71ABC7C84D11A3DE3A573F861E65CFA2FD0ABBE94C2F539F2F17AC28D5092E19F37591080C700D6E50B6D9FE4FF9A5E0FDFBD1FA4D71BF0CD5FE753CFF58F174E82D7D52718E4A5E9B3BF29961733DF0F65B5CB240EC96F56BE8AD287559C252E194CACAC720F9235442C75CB4523BC46224DA08617EB0A75FAA24D2815C55B5A950CA8CB4AA8BA187B3554F46EB75F63893BDD6CF0E4E5A24538A21538CDB635E770B088C96A37E274602A4E111EE66F593B5E84C00F06508F06BD601BE5C94F42588FF2A7180B2388AC69BE03698AB583F737903E6B48C77F0E40FA0ABA598285768540B8D97A6F77CF71046FB2F091AC85F1FA1A6C6AEE7F8D2F818BE2E42222AD7AE37D8CDDAF71862E22EF1C20F819B91520F979EF87E600839073EABA304D2FB13043EF2CC62678057815A1A3436B38A2AA766D9E805A494A6D145A87A28C6CD3B48D2296D6064865A348AA54668C29896701F043B909C5E9FD87AA2A45A2B486604A29AAC9CC291DA91EDC800485399B24E49ED7C51533185A25C5023F65756C19FA315EFB911943ABAA6A8616355A195A56B36528FE3BF4D3343FC249C8BDAB8B65E229960AEC9454B1E526013263665953CDCBBC422B2B8B5ABD2CFD536AD57735B9EA82DD5B5BE5D45D9D1BD9EC64EFB0B7CEA83EC636D20A82F98DCF766BC68D1EE8791F02EF2304DF3A4029D752BD8887D88A8475A4DEAD7A1F97F3FD62F8F3720E3BFD0373BFD38ECA78A2D8B8C22625FC194630C132E6DD11A325899A193031B47671BACAA78F74BA75633EEFE90B08B2A1BB325E0DE794E9D3714B692076BFA534B488BB4ABB70B3ADC712F3A6D796534547996B53DB722BA883D1CB6B6E9D61DC5B75E796E9F0AA3B879DBEEACEC9C49FBFF91EF13918984F55650C6F545FEE4D6D5F431C6563EB6E669863773ECE8665BC5CEEA8535847DDDE40EC5EB7FF7E5C30B8368BD1F6AD96148B5096D6DD90DD62557EDACA11C2DA5DC06F441A8F82D9C2CA426A595563BD4A2F03B06E6ED33B2EB1026EE0E58527142BC1E0150B006DC6B093710D8917B9B9D3C1AA93385B737BF464B62F4C1E53FF13FC27741155FF406466C136FAE3699AC6AE9FB34772215F5EA7B2BD5E449ED37EB7DA88227BC37F8DB9E513470CFE4268E415C76D740E0388A073EA160F16CE40EA024FA23A301D1684D51E2B91B0E69E9625EE3BA14FACCD60421A01720D93E2E9F62324AA3E3F72FD0D085AB9C4B5343C1392B1D77DF025D8C4C3028B3B6CE58449E7F26B594240DD0F37296D1C5A2E2889D30BA2C451A19A6F9DD7A2996FDA6BD336D35A6C892C0937B05B94F34E52A81EC60852A89E1F93CE7576C6288228BF1D510A4CCB55C96E84A695BE1605597AE6B6A221F51C1B433EB52C312140F9D6650C0195B90654B3AFF51334534FBBA1D839DF9FCF0F34EA527BF9662CFADFF1B64BE7C55ADEBC992E06FE1A6E6A8B95BBFF532CD6D21733CA626539B683C5CAB264F28B557278524DBEEE24D54C3CED5530376B7497BA6FC8AC510F63044954CFCF5B346B8A6B755345C4DDB14F4D4FB297FBE31FFAB4ECDA819264F831311D593879701B845BD0FE8F6A04E78FA410BEC8AEC4309DA55B272D9D65BC8810F01544EC3393C6B124F552086A9305E1854807D8085A0B68F9745D001216540B4E73D892A25187608B51562FC2B4C32CCF082DB08D8528C3A30D4F0BFAAA07565AFA4AB3A805B6D1EA323C7AB7E58028F11689A4A313A88AEA18067EDD19B9DDEAB1D4822EAC5F232F19852391755E2FB30337608AEC0D8AC894360790A90B881A0CB33634ACD1387D28B4723AFBB343F1FC52C2120357848D33A26D30368E0385CC5483E9CD25E905B8C8A2D6C3B0F171981A10A3B3342CD29D7E47109C4A0BB60B8EEC586C7330EE2538DC21562138D5607A7349765D2572A8ED5C667A32A346C3EC241AFE68CE6223084DA9D4DB65467240B03822F49218D69C1F6877AAAE176BCBB32E5B2E8A78DFF2C372A1080C5E5E83CDC68FD654A070F9C5591551C267DFAFEC8366C30263E132DCE6EDE4BA271427600DB952DC35A6F4D24F52740E107804E446F4CC0B856A523B5B6121555DD2A6B4388995C554D5267F172DB4F7AE8C052E1E514AB44B3C56A25FF361438924C89B3B24841B0420913C9F3C8B832C8CD4C72E75EBE27D18DDBEF822222C171CFDC2B14AE09B70F86527C1688AC4E531F874D5E79BEE53A6865031BE3A9DD2AC579D58D528D5F5268DA2BAF2DCD914AA4E031DA78D3F4DDACF5A2BC276D65A19624903949F2C31A8283D018C2A3347650329694CB6C41C918B96A421B9220B2AE998488648BAA0139E82A3F21AE63D88519034BA586A8E2C8987A4A125C51DB02534F365E6A89290491A58526C8EDDC44FF2EA7462BB197D7A1F4E21360EB10EBA50D358B9B81BBF3FB3B0D5D7016AACE28D220D237B66A94310E2999835C6175AE296714D0264F97D328225F1576CC54E2A1CA4FD0C2505C67636DD61EC2C2A7E8706A23E5B6295113A0258F97D327245BB8D061328CA436E2F49BAC64A25C344E130CA4613DD638628EE3B7CD9642653E29BDA8A92286E29FA29090586DA666162445893451BD8A2C664023F18B35017F8A2C6B353453B9211DAE337987050574EF652A16BFC362C9422848271B2C47608557C048D517D1B5F74587FA46AC3A0EE38ACF705AAADE5E19DB86095BA5AB821115967B97F34793E1EF45B49FEF6A382ED46B3F2ED4367B3494B143EF17A7EFEDAE62A25413875544A87F1F33E6C51AC0457365FA516EADAA5CDB9AE97A51BB93DF1A5E0572EAACC9C4AB1634D510826A9305FFD129C057E7EE95255B80691FF045354C4C7CC0EF70F0EB98C99D3C95EB948532F90B8E155292CD9891B21EC3FFA0612F7192462485C8F0C8F0DA8F0E0E62AF2E0CBC9EC5F79ABE3FCBE86FC957FDEC3C2FE39F27FC970C17D9241E7DF6216A6614229F5AEE389E62734E7EAD53F1E8AA67BCE6D8257CCB1B3CFF1B2CB0CB3590BADA8299AF6A0A6732EC3B7BBA098A48052546E4174CF01F8E8A341F2FF5554FE29042F7FB6254D9AE3AF17A2248FDF507883B05095A7AF0B9632479F877F222EF6D864B0F29C7D5D4853E6EBF3237B303E5B9FB91AAA5A0EB3D5889429AD316AB006AA5201C3EA4EDD5476493FD6414BEE247CDF6AD3A95B0FBA0BD271FDB2B5D5270D583F3C260D9821548F345BA3EFACF90A6A4DCED32BC7C7AE4D2C215555AFFD4A4C476501D725E5540791183EC3D356C4449ED4691BEC6CF1C3FE26F3090D66334BD2050D86BD4B4DD12547D0EF7BFAB87B3A9DABA797DA66F3F1B41BC92AE1182C39CB54F2B134B150BB4DC33266E615CDFBC8379C70858F49DB7D00A8608B5BE77C1922D073DC6C2A6F32CED82E7DCA04444B12E2B8FB242963AB30D5D3A5896557E8960A6598D4273D24772019D13E0DB23BBAD969A40EB26971F7BB032565973666624AAA8C73DE7D7298B19594EAE9D4C49494450A98E9091A1D00DF310BCD5B112DEDC3ABE91B5A56095D262059533825EE5881191F14779E9E458C2EE5A7559EACA398BBC6DF21754A142F8AB08DF018632128FC2645DE77798CAFAAB34658941D3655D49DAA838BF98E858523F42BD4D0776BD02575C2157BA30AA51DA9F361B4A78331CB06A31F9F223B04DF376D930B9DD285B2DE34C91BDA73CA98A594D10F5291C980EF9BDE42854EE942596F9A5C033B494C238DD297E5416AD9022428CA8C4AD34844235701D2D7B7DA1408C2BAE623CE864F05B1BDC4339DD9A0D43A8AC0A8FE4CD9729E19455E199B741836CC9C74569941A48251D38A4898FE4CD9421299A19821EE1B7CE4C7F032B1ADA4318348C4903B87459218F1053DB6BAB388DC4516BFCE61EAAF1B081223104197B1B7EB3A57D1535C99FD1C455515EED6F11A22E06163FC3441FE1370112E26CFF6F27F72A4FC27212EC247E85D45B719DA64080F19868F01F35A801C1F74FDE79970589A97B71BF22B1D6208984C9F5CDFDE463F657ED0FC531697923B530504399794CF46C85C22F27C64FD5A23DDC4912150C9BEFA38750FC34D80C1D2DB68953FD3B2A70D8BDF47B806EE6BF37C4205D23E112CDB97E73E5827204C4B8CA63DFE8965D80B5F7EF83FA1AA1EB167850000, N'6.1.3-40302')
INSERT [dbo].[__MigrationHistory] ([MigrationId], [ContextKey], [Model], [ProductVersion]) VALUES (N'202003131336310_departmentId', N'MVC_Attendance_System.Migrations.Configuration', 0x1F8B0800000000000400ED5D596FE4B8117E0F90FF20E82909BC6E1F99C1C4E8DE85B76D27467C61DA33C89BC196D86D6574F44A94D7C6627F591EF293F21742EAE42951474B72B298976991FC8A2C168BC522ABFC9F7FFD7BFEC3ABE71A2F308C9CC05F98C78747A6017D2BB01D7FBB3063B4F9EE93F9C3F7BFFFDDFCD2F65E8DAF79BD53520FB7F4A385F98CD0EE6C368BAC67E881E8D073AC3088820D3AB4026F06EC60767274F497D9F1F10C6208136319C6FC73EC23C783C90FFC7319F816DCA118B8B7810DDD28FB8E4B5609AA71073C18ED800517E6EDD7E5D33942D0B7016EF4B47A8B10F40ED376A671EE3A00F76905DD8D6900DF0F1040B8C7675F22B84261E06F573BFC01B88F6F3B88EB6D801BC16C24676575DD411D9D9041CDCA863994154728F01A021E9F665C9AF1CD5BF1DA2CB888F97889F98DDEC8A8135E2ECC0BB80321F2A08F4C832777B6744352B59AD98725C48121AD7850080C962BF2EFC058C62E8A43B8F0618C42E01E180FF1DA75ACBFC3B7C7E01BF4177EECBA74C771D77119F3017F7A08831D0CD1DB67B81186737D611A331661C6431400D2D6E9D0AF7D747A621A77B84360EDC242562836AD5010C2BF421F860041FB01E0F18778AAAF6D98705BE887922AF99DD3C5628AD79E69DC82D71BE86FD1339E05F06A1A57CE2BB4F32F595FBEF80E5EAAB8110A632890BB032FCE36E92947788562D245BC5C3E4337A9103D3BBB74D51C9EEF76784292AF78D1844F3625285761E07D0E0833D4B59E1E41B885B8F263505B7515C4A1C5757C3E2B65B5528239DCD662CCE18C2FCBD7767309266D94F2737CF2494B7E0459D795DFFA55538D74E901C7AD18C0C9878F6D16808C0ADE6A364EE8C1825F3F06584A81DFB8CF0F208A7E0E42FB6F207AEE7FEDF22B165A7188C57F8580B7DB3BB587E7C08777B1B726AB6A385ABD4DCDE3CFC115B0B072BEF449ABCE783781F52D88D1A56F5F6045FF05593920F9F9E878FA00BD74E7DCB260145D616186F632888962EEB2F888D2ABD98074D75F1D65E58E040A752BDF93286D9CEE5DCC5E24948A7B905845B6F7547571E902C7D3DB32F3AAEAED32AD51F441B55566D5F2D1E87695DEB2F7B1C3D7755B620CE876FD26D83ABE1E97F3AAEA2EA7356ABB9B556BDA55FC7FCF89A2C43C9774F7A12896C9AC582AC8ACA44A539925407ACCCC6AAA799954A865655A4BC6497DB38E52056D2DBAA2607C632E9B3AF154223FC6E00DA5B9F147D118DC064C3ACCEF864DF76BDCE8899EF73EF06E20786901557768EA677F12D6917A0B6BB588F223285994C92652B9960A2FC279B4BB83E8306F7D98E25E8518139BBADF0E0558BCBE741B976BEE4477CD9D1EAF37A79F3E7C04F6E9C73FC3D30FC31FA6F6EF0420AC1CE3F0964C1F21BA770B3FA1F415B871DFA45AAD8664B3EF7F3524B0D35F0D4937F1E717C726673B8D1D29AF8CE1B5EAE7F2DC74CD713D1B7A3930C31C9AF8303A407BB93C50866D4B0BAC84F8CD027B0F16D85D80F6BF11445884E2A820430CA755F6692F5659E313186F95551CD23AEF438442FFDB10419DFE2E24DF23A455C980DA6C27639955797F27A2CAF389EF5FDADE87A4BD97AB94B1FDAF64B9C81D45F47C3F65D54A252A960A4A5452A599128D3D4AA0F30DE33ABA72C1B6BCC16F69A7A4703DDB287856B025E9BEE159A44F91EC54DC4272E5515E6562FB93DC0C24E7A48579244C1D53FF33FC27B41055FF586466CA36FAE37914059693B047F0B5153B244BF5D2B78D7A2746B99FD34E9C5BCC2B87B807F1AC2ECC3F0923AAC42E9CA114367FDFCB123836797570EF5F401722689C5BE91B8C25882C604BCC3BDC15F60BD6203024720BC8856184E7DAF191A86E1CDF7276C0AD1D06D7525355919E1534F8920BB8C3C4308DDAF9D1215E6523CF0A521CD7EA98349F5112572388F21B14A5C0D45CA78C2334B5FD9308B5C45157B76EDAC96625C78690CF4A96E8744069358E21A0D49D99AE10C82ED0B405B5527D6ABCC52909D10FBF26A7416B47A22328556FC13AC9AC38837D746704E9CDAE4E75058ABF479D9A7AE52E7015EA35F3FC0EA25E598E8DA05E59964C5EBD4A5C35AAC9AFF2DB94134FFB30F53569D5ADFC3B3244D5C3184012D5F3F31E0DD1F45D84AE22E21E494C4D4FB2AF33146A3275150DA22519768DA024197E4C5E474A3C31AA89AF72CB88B32E9BF13D49648533687871547369005954734287B8DC2DBE17414CDD72B80DC22D688F55BE942ED6A410BECA0249F0C032475C94F92879C920E02B88045B39328DD2212839BA087B380B94792A05084111D7E0946E15291AE5EEAA01120EFA323C8937A0016CFE20B21236B3826B60CB4D5C86471B570DFA97BD31ACEC5EBADC6B40EB80A4209478CBA6B7BC22A42AAA9F77F1EB4ECB515A8C83932B61156BB94629B44CDA7945CC0E59871D8A87CC12966838EC9AB8ECEA06D3C4BD4661C9565DEF5CA2DF4FD7734AE5396AEA3BEAC431898B88C263B470EFECCAD5543DAB646E8A268E8A4E2CE29C0A0AA1CA07D3994BB2C70A2287EACEC9BA27656A348CAAAFE04FC5D978004D94A9FC7A99911CD81A1CD93A490C7BBC52084C3690CE0C92DDCB8ADCA93B33E89E1AA8C14807A06BE4F7C494FCB2B8B04A8BB2F92C8D18CF3ECC678AD0F2F92DD8ED1C7F4B859A675F8C551A67BEFC6ED53CECDA4B316616C367DE862E28A120045BC89562D2B8A7574E18A10B80C01A90FBEDA5ED09D5A436B8C272CA498A66B6388FB95595B721FF4FDB6986834B8E3019D6151E2FA9910C1D4AB71CB1B141D20000178495F1A7CBC08D3D5FC7E5AE83983EC89063A66522EA7CC68D52389C09BC154ECEEC74694DA66A59B79C46FE84D47C2E6B1154EC27275A9AE5B213EE90E2908525D350D9A786185464AB004695E9A3B2C1C734265BA28FC84518D3905C51835ED271C44C27E98256780A8ECA6BE8531023876974B1541F5912434C434B8A5B604BFACC97E9A34AC28C696049B13E7619734C43965F27A35CE9737A7F2AB6741BB5D0AE158D958BBBBC556116B6FAB2458D95BE3767D4ABE4C97C158210EEC7AC31BEB0216E16F6274066DF27235812CF446FF225BA119B8B9906C67EB6F1FC8E85570CCD50A8F0361A88FADC102B0B6013C0B2EF93942BA5FFA407B94AFDC8DDE44A81A1DEE69810317697AB8C6B536332715F8C255115F7A6C66B26BD23C908EDF2E94D38A84B81E65251D5F87D6C6A6904158D907ED147C8C3A3688CFCDB644447F4DAEC45BB243738DD948B1C62BFBB4E7E2D4BA3A8AE6A479BC23D4D5BC7296B365DDD4C0CF1E431CAA943F062F2550AEA853793F35ACE330F627DD64CC1A59856318D7C9FC38A339D5652E170F593BB749DE41222AF700B7C6703239406BA982747C7275CBACDE9A4BE9C4591ED4A3CB0F2FC97EC8C8D946ED221BCAECD25D13A435F2AE02929FF0584D63308FFE081D73FD2981D522C54FAFC8688D5CB072546EBF590D5D0916649BDF66DF8BA307F491A9E19D7FF78A2DB1E18F7215E3667C691F16BB78488D2A12521815553A7001592ECAD1DD44BEEC3065225024AF31B764294E430EC0BAF1716AA7214B6C152E627B4F14FC4E503D019AC3C5F619BAE297315264BAA63A6C27261D4ADCDBC65F2F9C0B88EBEF8CE4F312E78C4DC20EB53BDB2BA845FAB7C75134E5CA1CF53ACEF8AD6ACB2EBAA81A98C163209EE9253AC1B1E93534C13AA43CEAEC137D1BD18216C2A8646F29536ED55B884BC579D760531B7D53E8CAB1A9FD9FF64EAA7DEEC394966A7DEB0C714ED36E99C7EDB8486DD84E8B44A9DF40C9B3AA9DE766A9F92A885880C9ECE67EC3D844DF2D3A83769D32196BDDAB1F6AE8EE3EDEC7D32E8FDDBFBDD12AAF09128E3870B0AD672E39C2E7D84050E9B2DE55D46A5364B8F3201D19204368D9F0465C830BFAAA718138B336D91EA840ECC1B3ED5482F82DF9388553E821E2E55C9FF4762928929B62CB472FCF423432B36D55BA08929B6064946A6276874CC6DCB3C27EF45B42A5F124DDF386B943264029225865F8F9E19646805A678BB3231FDD53201C854727E8C295F358F94A6215CA327F510E30EF93965F330D0F67DE9219118FFE963A38569AF033CFBA99FA52AC89C27242846819A50434632CD512D0F511648525E0F911A552825A4CEEE509F18442F2F48F5F814B90EAA6867F66925EDAC4E356D45483C4F9BB65C04A274A18C5A45D07A6D0A12AD0C24D54394C72BAB08D710AD23282736583A13F9D293067A5606CB0BEB898F66EA3F69C0FED297B4668372B52B826EFA67CA1EB29588FB001FD3DD208D4213D64E3A1B492F32C2686545004D77A6EC21F9485FCC10B7093E60A47F99D857B2915E2482DE4DE4410FDD19B2E7E422D2EECBBA3E08131A2413119FDB631B3CF6C9DB80F4D7058C9C6D0931C7983EB418EBBBA873ED6F82FC10C0F528AFC2DD85DE42046C6C9A9F87C8D9000BE162F2BA32F96B21D91F82B8F4D6D0BEF6EF63B48B111E32F4D62EF37A871C26AAE8271953D83ECFEF77E457D4C71070371DF29CE2DEFF3176DCF20F585C496E5D1510E494923D4F237389C833B5ED5B817417F89A4019FB8AC3D523F4762E068BEEFD55F2CEAF79DFB0F8DDC02DB0DECAE74C2A90FA8960D93EBF70C036045E946194EDF14F2CC3B6F7FAFD7F013EF113AED1850000, N'6.1.3-40302')
INSERT [dbo].[__MigrationHistory] ([MigrationId], [ContextKey], [Model], [ProductVersion]) VALUES (N'202003131343479_v5', N'MVC_Attendance_System.Migrations.Configuration', 0x1F8B0800000000000400ED5D596FE4B8117E0F90FF20E82909BC6E1F99C1C4E8DE85B76D27467C61DA33C89BC196D86D6574F44A94D7C6627F591EF293F21742EAE42951474B72B298976991FC8A2C168BC522ABFC9F7FFD7BFEC3ABE71A2F308C9CC05F98C78747A6017D2BB01D7FBB3063B4F9EE93F9C3F7BFFFDDFCD2F65E8DAF79BD53520FB7F4A385F98CD0EE6C368BAC67E881E8D073AC3088820D3AB4026F06EC60767274F497D9F1F10C6208136319C6FC73EC23C783C90FFC7319F816DCA118B8B7810DDD28FB8E4B5609AA71073C18ED800517E6EDD7E5D33942D0B7016EF4B47A8B10F40ED376A671EE3A00F76905DD8D6900DF0F1040B8C7675F22B84261E06F573BFC01B88F6F3B88EB6D801BC16C24676575DD411D9D9041CDCA863994154728F01A021E9F665C9AF1CD5BF1DA2CB888F97889F98DDEC8A8135E2ECC0BB80321F2A08F4C832777B6744352B59AD98725C48121AD7850080C962BF2EFC058C62E8A43B8F0618C42E01E180FF1DA75ACBFC3B7C7E01BF4177EECBA74C771D77119F3017F7A08831D0CD1DB67B81186737D611A331661C6431400D2D6E9D0AF7D747A621A77B84360EDC242562836AD5010C2BF421F860041FB01E0F18778AAAF6D98705BE887922AF99DD3C5628AD79E69DC82D71BE86FD1339E05F06A1A57CE2BB4F32F595FBEF80E5EAAB8110A632890BB032FCE36E92947788562D245BC5C3E4337A9103D3BBB74D51C9EEF76784292AF78D1844F3625285761E07D0E0833D4B59E1E41B885B8F263505B7515C4A1C5757C3E2B65B5528239DCD662CCE18C2FCBD7767309266D94F2737CF2494B7E0459D795DFFA55538D74E901C7AD18C0C9878F6D16808C0ADE6A364EE8C1825F3F06584A81DFB8CF0F208A7E0E42FB6F207AEE7FEDF22B165A7188C57F8580B7DB3BB587E7C08777B1B726AB6A385ABD4DCDE3CFC115B0B072BEF449ABCE783781F52D88D1A56F5F6045FF05593920F9F9E878FA00BD74E7DCB260145D616186F632888962EEB2F888D2ABD98074D75F1D65E58E040A752BDF93286D9CEE5DCC5E24948A7B905845B6F7547571E902C7D3DB32F3AAEAED32AD51F441B55566D5F2D1E87695DEB2F7B1C3D7755B620CE876FD26D83ABE1E97F3AAEA2EA7356ABB9B556BDA55FC7FCF89A2C43C9774F7A12896C9AC582AC8ACA44A539925407ACCCC6AAA799954A865655A4BC6497DB38E52056D2DBAA2607C632E9B3AF154223FC6E00DA5B9F147D118DC064C3ACCEF864DF76BDCE8899EF73EF06E20786901557768EA677F12D6917A0B6BB588F223285994C92652B9960A2FC279B4BB83E8306F7D98E25E8518139BBADF0E0558BCBE741B976BEE4477CD9D1EAF37A79F3E7C04F6E9C73FC3D30FC31FA6F6EF0420AC1CE3F0964C1F21BA770B3FA1F415B871DFA45AAD8664B3EF7F3524B0D35F0D4937F1E717C726673B8D1D29AF8CE1B5EAE7F2DC74CD713D1B7A3930C31C9AF8303A407BB93C50866D4B0BAC84F8CD027B0F16D85D80F6BF11445884E2A820430CA755F6692F5659E313186F95551CD23AEF438442FFDB10419DFE2E24DF23A455C980DA6C27639955797F27A2CAF389EF5FDADE87A4BD97AB94B1FDAF64B9C81D45F47C3F65D54A252A960A4A5452A599128D3D4AA0F30DE33ABA72C1B6BCC16F69A7A4703DDB287856B025E9BEE159A44F91EC54DC4272E5515E6562FB93DC0C24E7A48579244C1D53FF33FC27B41055FF586466CA36FAE37914059693B047F0B5153B244BF5D2B78D7A2746B99FD34E9C5BCC2B87B807F1AC2ECC3F0923AAC42E9CA114367FDFCB123836797570EF5F401722689C5BE91B8C25882C604BCC3BDC15F60BD6203024720BC8856184E7DAF191A86E1CDF7276C0AD1D06D7525355919E1534F8920BB8C3C4308DDAF9D1215E6523CF0A521CD7EA98349F5112572388F21B14A5C0D45CA78C2334B5FD9308B5C45157B76EDAC96625C78690CF4A96E8744069358E21A0D49D99AE10C82ED0B405B5527D6ABCC52909D10FBF26A7416B47A22328556FC13AC9AC38837D746704E9CDAE4E75058ABF479D9A7AE52E7015EA35F3FC0EA25E598E8DA05E59964C5EBD4A5C35AAC9AFF2DB94134FFB30F53569D5ADFC3B3244D5C3184012D5F3F31E0DD1F45D84AE22E21E494C4D4FB2AF33146A3275150DA22519768DA024197E4C5E474A3C31AA89AF72CB88B32E9BF13D49648533687871547369005954734287B8DC2DBE17414CDD72B80DC22D688F55BE942ED6A410BECA0249F0C032475C94F92879C920E02B88045B39328DD2212839BA087B380B94792A05084111D7E0946E15291AE5EEAA01120EFA323C8937A0016CFE20B21236B3826B60CB4D5C86471B570DFA97BD31ACEC5EBADC6B40EB80A4209478CBA6B7BC22A42AAA9F77F1EB4ECB515A8C83932B61156BB94629B44CDA7945CC0E59871D8A87CC12966838EC9AB8ECEA06D3C4BD4661C9565DEF5CA2DF4FD7734AE5396AEA3BEAC431898B88C263B470EFECCAD5543DAB646E8A268E8A4E2CE29C0A0AA1CA07D3994BB2C70A2287EACEC9BA27656A348CAAAFE04FC5D978004D94A9FC7A99911CD81A1CD93A490C7BBC52084C3690CE0C92DDCB8ADCA93B33E89E1AA8C14807A06BE4F7C494FCB2B8B04A8BB2F92C8D18CF3ECC678AD0F2F92DD8ED1C7F4B859A675F8C551A67BEFC6ED53CECDA4B316616C367DE862E28A120045BC89562D2B8A7574E18A10B80C01A90FBEDA5ED09D5A436B8C272CA498A66B6388FB95595B721FF4FDB6986834B8E3019D6151E2FA9910C1D4AB71CB1B141D20000178495F1A7CBC08D3D5FC7E5AE83983EC89063A66522EA7CC68D52389C09BC154ECEEC74694DA66A59B79C46FE84D47C2E6B1154EC27275A9AE5B213EE90E2908525D350D9A786185464AB004695E9A3B2C1C734265BA28FC84518D3905C51835ED271C44C27E98256780A8ECA6BE8531023876974B1541F5912434C434B8A5B604BFACC97E9A34AC28C696049B13E7619734C43965F27A35CE9737A7F2AB6741BB5D0AE158D958BBBBC556116B6FAB2458D95BE3767D4ABE4C97C158210EEC7AC31BEB0216E16F6274066DF27235812CF446FF225BA119B8B9906C67EB6F1FC8E85570CCD50A8F0361A88FADC102B0B6013C0B2EF93942BA5FFA407B94AFDC8DDE44A81A1DEE69810317697AB8C6B536332715F8C255115F7A6C66B26BD23C908EDF2E94D38A84B81E65251D5F87D6C6A6904158D907ED147C8C3A3688CFCDB644447F4DAEC45BB243738DD948B1C62BFBB4E7E2D4BA3A8AE6A479BC23D4D5BC7296B365DDD4C0CF1E431CAA943F062F2550AEA853793F35ACE330F627DD64CC1A59856318D7C9FC38A339D5652E170F593BB749DE41222AF700B7C6703239406BA982747C7275CBACDE9A4BE9C4591ED4A3CB0F2FC97EC8C8D946ED221BCAECD25D13A435F2AE02929FF0584D63308FFE081D73FD2981D522C54FAFC8688D5CB072546EBF590D5D0916649BDF66DF8BA307F491A9E19D7FF78A2DB1E18F7215E3667C691F16BB78488D2A12521815553A7001592ECAD1DD44BEEC3065225024AF31B764294E430EC0BAF1716AA7214B6C152E627B4F14FC4E503D019AC3C5F619BAE297315264BAA63A6C27261D4ADCDBC65F2F9C0B88EBEF8CE4F312E78C4DC20EB53BDB2BA845FAB7C75134E5CA1CF53ACEF8AD6ACB2EBAA81A98C163209EE9253AC1B1E93534C13AA43CEAEC137D1BD18216C2A8646F29536ED55B884BC579D760531B7D53E8CAB1A9FD9FF64EAA7DEEC394966A7DEB0C714ED36E99C7EDB8486DD84E8B44A9DF40C9B3AA9DE766A9F92A885880C9ECE67EC3D844DF2D3A83769D32196BDDAB1F6AE8EE3EDEC7D32E8FDDBFBDD12AAF09128E3870B0AD672E39C2E7D84050E9B2DE55D46A5364B8F3201D19204368D9F0465C830BFAAA718138B336D91EA840ECC1B3ED5482F82DF9388553E821E2E55C9FF4762928929B62CB472FCF423432B36D55BA08929B6064946A6276874CC6DCB3C27EF45B42A5F124DDF386B943264029225865F8F9E19646805A678BB3231FDD53201C854727E8C295F358F94A6215CA327F510E30EF93965F330D0F67DE9219118FFE963A38569AF033CFBA99FA52AC89C27242846819A50434632CD512D0F511648525E0F911A552825A4CEEE509F18442F2F48F5F814B90EAA6867F66925EDAC4E356D45483C4F9BB65C04A274A18C5A45D07A6D0A12AD0C24D54394C72BAB08D710AD23282736583A13F9D293067A5606CB0BEB898F66EA3F69C0FED297B4668372B52B826EFA67CA1EB29588FB001FD3DD208D4213D64E3A1B492F32C2686545004D77A6EC21F9485FCC10B7093E60A47F99D857B2915E2482DE4DE4410FDD19B2E7E422D2EECBBA3E08131A2413119FDB631B3CF6C9DB80F4D7058C9C6D0931C7983EB418EBBBA873ED6F82FC10C0F528AFC2DD85DE42046C6C9A9F87C8D9000BE162F2BA32F96B21D91F82B8F4D6D0BEF6EF63B48B111E32F4D62EF37A871C26AAE8271953D83ECFEF77E457D4C71070371DF29CE2DEFF3176DCF20F585C496E5D1510E494923D4F237389C833B5ED5B817417F89A4019FB8AC3D523F4762E068BEEFD55F2CEAF79DFB0F8DDC02DB0DECAE74C2A90FA8960D93EBF70C036045E946194EDF14F2CC3B6F7FAFD7F013EF113AED1850000, N'6.1.3-40302')
INSERT [dbo].[__MigrationHistory] ([MigrationId], [ContextKey], [Model], [ProductVersion]) VALUES (N'202003131355524_v6', N'MVC_Attendance_System.Migrations.Configuration', 0x1F8B0800000000000400ED5D596FE4B8117E0F90FF20E82909BCDD3E328389D1BD0B6FDB4E8C8C0F4C7B06793368896E2BA3A357A2666D2CF697E5213F297F21A44E9E1275CBC9625EA645F223592C56158BACF27FFEF5EFD50F2F9E6B7C8361E404FEDA3C5A1C9A06F4ADC076FCDDDA8CD1D3771FCC1FBEFFFDEF5617B6F7627CC9EB9D907AB8A51FADCD6784F6A7CB65643D430F440BCFB1C2200A9ED0C20ABC25B083E5F1E1E15F9647474B88214C8C6518AB4FB18F1C0F263FF0CF4DE05B708F62E05E073674A3EC3B2ED926A8C60DF060B407165C9BD75F360F670841DF06B8D1C3F63542D05BA4ED4CE3CC75001ED316BA4FA6017C3F4000E1119F7E8EE0168581BFDBEEF107E0DEBFEE21AEF704DC086633392DABEB4EEAF0984C6A5936CCA1AC384281D710F0E824A3D2926FDE8AD66641454CC70B4C6FF44A669DD0726D9EC33D0891077D641A7C77A71B372455AB89BD28210E0C69C5838261305F917F07C62676511CC2B50F631402F7C0B88B1F5DC7FA3B7CBD0FBE427FEDC7AE4B0F1C0F1D97311FF0A7BB30D8C310BD7E824FC274AECE4D63C9222C79880240DA3A9DFA958F4E8E4DE3060F083CBAB0E0158A4C5B1484F0AFD0872140D0BE0378FE215EEA2B1B26D416C6A1EC95FCCEFBC56C8AF79E695C83978FD0DFA167BC0AE0C5342E9D1768E75FB2B17CF61DBC55712314C650E8EE067C7376C948B98EB7282643C4DBE51374930AD1B3B34F77CDE26CBFC70B927CC59B267CB02946B90C03EF534088A1AEF5700FC21DC495EF83DAAADB200E2D6EE0AB65C9AB951CCCE1B666630E677A5EBEB29B733069A3E49FA3E30F5AFC23F0BA2EFF0ABBA6BAE185071CB762BCC7EFDEB7E177592F58B33C39A1070BF2FC1860A6047EE3C9DE8128FA3908EDBF81E8B9FFADCA6F5068C521E6F62D02DE7EF0DEEE9E031FDEC4DE23D944E3F5D5DBD2DCFF1C5C020BCBE20B9FB4EA8CF731B0BE0631BAF0ED732CD73F232B07243FEF1D4F1FA097E19C59168CA24BCCCCD0DE043191C3D51AAA1A8EC8B81A7DA3BBFFEA7A562A20504857B90AA2846FAAAA18D523948A2A47AC2253355543DCB8C0F1F434645E55AD1DD31AC518549A31AB96CF4677A8B4861E42A1D70D5BA2FB7587FE31D839BE1E95F3AAEA21A7356A879B556B3A54FC7FCF89A2C41A970CF7AE2896F1AC582AF0ACA44A539E25407AC4CC6AAA699954A825655A4B46497D2B8E12056D0DB8A2607ADB2D5B3AF110223FB56085D2DCD6A3FA18DDE44B06CC6BC3A6FA1A377AA0D7BD0FBC8F107C6B01557746EA473F09FB48ADC25A6DA2FCC4493665A2442AF752E134388BF637102DF2D68B14F732C498D8D4FDBA1060F1FED26D5CEEB963DD3D7772F4F874F2E1DD7B609FBCFF333C7937FED969F8333F21E51467B564F948A7835BF8494F5F801BF7DD55ABDD9028FBFE7743023BFFDD900C137FFEE6D8E46CA7A191F2CA185EAB7ECECF4DF71C37B2B1B70333CDB13B1F4706686F973BCAB06D69819510BF59606FC102BB09D0F08A20C22C14474537C470DA669F06B1CA1A9FC078ABACE290D6590F911EFA57430475FE5A48AE23A455C984DAA893A9CCAA7CBC3311E5F9C2F7CF6D6F83D3DECACDC9D4FE57B25DE48E227ABD1FB26AA510154B05212AA9D24C88C61EC5D0B9C2B88A2E5DB02B2FEC5BDA29295CCF360A5E156C49BAAF7815E95324BB14D7905C79943797D8FE243703C939696D1E0A4BC7D4FF04FF092D44D53F128999928DFE78164581E524E4117C6D8586647BBDF06DA3DE8951EA73DA89738D69E510F7205ED5B5F927614695D8853394C2E6AF77D90E8E4C5E1CDCFAE7D085081A6756FAE46203220BD812F30E0F85FD8225080C09DF02726118E1B5767C248A1BC7B79C3D706BA7C1B5D414556464451F7CC939DCE3CE701FB5EBA3D379958DBC2CBAE2A85647A4D592E2B81A4694DFA02819A6E63A651AA6A91D9F84A9258EBABA7DD38E372B2936067F56924467004AAB710A06A5EECC7499407681A6CDA895E253E3E94DD911FDCE8BEDE370B1381A86DBC411E92C78D513AE4EBC27AE441FC399800BB32B505DC6E0EF43E72626B98B588598CC3CB8A3884996621388499624B3179312978B6AF1ABFC2FE5C2D3BE487D895875BBFE860C4AF53446E044F5FABC4583327DDFA02B88B8C70E739393EC2B0B85984C5D3EA34849865C130849861EB39791128F8A6AE1ABDC2BE2AACB567C208EAC70EA8CCF8E6A2A8DC08B6A4AE8742E776F0FC288A97B0DB741B805ED79CAB7D2F92329842FB2F80F3CB1CCA11665BE469E3308F81622C1568E4CA374EC498E20820E6781328FA3002108E21A9CD23D2245A3DC563540C2815D862739D53780CD1F3656C26656700D6CA9C46578B471D5607CD95BC1CAE1A5DBBD06B40E480A42B1B76C79CBAB3EAAA2FA9916BFEFB41C9EC53C38BE1276B1968B9342CBB89D17C4EC9475C8A178902C218986E3AD89EBAD6E324DDC6414966CD7F54E25FA1D743DA5541EA0A63EA04E1493B87A283C460AF74EAE5C4CD5934AE6A668E2A8E84422CEA9A060AA7C329DA9247B742052A8EE9CAC7B52A666C388FA0AFA549C8D47904499C8AFE719C981ADC191AD13C7B0C72B05C36413E94C20D9FDAA489DBA3383EEA9819A8C7402BA467E4F44C92F7D0BABB4285B2DD340EFECC36AA988085F5D83FDDEF177548478F6C5D8A6E1E19BEFB6CDA3A5BD1463693174E66DE8A22714846007B952DC351EE9A51346E81C20F008C83DF5C6F6846A521B5C6139E55D8A66B6B88EB95595B721FF4FDB6946714B8E3019D6259E2FA9914C1D4A558ED8D820D1FBC0056165D8E8267063CFD771B9EB20A60F2BE498699988BA5A72B3140E67026D859333BB5C5A8BA9DAD62D97913F21355FCB5A0415F9C9899626B9EC843B263B64E1C53454F6A9210615A12A805165FAA86C10318DC996E8237291C2342457D46094743C303348BAA0159E82A2F21AFA3D8811C034BA58AA8F2C8905A6A125C52DB02563E6CBF45125E1C234B0A4581FBB8C1DA621CBAFB311AEF439BD3F115BBA8D5A48D78AC6CACD5DDEAA301B5B7DD9A2C64ADF8D33E255F2F4BD0A4108DB63F6185FD810370BDF1320B3EFB3612C8967A237FE12DD88CDD94C036318359EDFB1F082A1190A15A64603519F1B626581680258F67D967CA5F49FF4C057A91FB91B5F2930D46A8E09F562B55C657C9A1A9389DF622C89AAF835355E33EE9D884768974F6FCC415D0A34E78AAAC66F43A9A591503442FA451F210F73A231F26FB3611DD16B338874496E70BA091739C4B05A27BF96A5515457B5932DE140CBD671C99A2D573713433C794C72EA10BC987C95A2F7C29BC9792D579907B13ED9A5E0524CAB9846AEE7B0E04C979554586C7F7237AE935C42E415AE81EF3CC108A5012BE6F1E1D1319725733E192B975164BB120FAC3C6D25BB621365897408AD6B7342B44EAC973278DA95FF0D84D63308FFE081973FD2981D522554FAFCC688B9CB272546DDF5908CD0912637BDF26DF8B2367F491A9E1A57FF78A0DB1E18B721DE36A7C6A1F16B3591C53130790DA5334B22FB5A800AB9F21E1DD44B0AC3064C25024AD314764294A422EC0BAF1712AA520DB6C152A619B4F14FC485F5EB4C569E76B0CDD0942907931DD531E160B931EAB666DE32F97C605C459F7DE7A71817DC636A90EDA9DE595DA2A855AEBA19E79FD0A7291677456B56D67515C054620A190777490DD60D8F490DA609D521F5D6E83A74101B84CDA8D088BFD2A6BD329790BEAA93561053540D615BD5B8CCFE273338F566CE491234F5863D256BB7C9CAF49B121A5709D1D9913AC919360352BDEDD43EB3500B16193D2BCFD43A84CDD5D3683469D331B6BDDAAFF6A64EE3EDEC7D32E9E1EDFD6E7951F84094E9A305056BB9716A963EA202C74D7AF22683529B653999016B49E29AA6CF653266945FD54B8C998599B6C85842C7E5B5CF18D20B03F7C42A956F99C7CB38F2FF915F6466022A8B909C3E8BC8D8024AF5A4676602AA41AE90F9311A1D3ADB325DC95B61ADCA0741F337B21A65FE9801678951D49327F8185B80299EA0CC4C7EB5CCE33197D41D53F257CD5BA37930D7E4B939C4F0417E4DD9740AB49D5E7A3A24467CFA66686DDA8F015EFDD45F52152BCE77240846A137A186ACCB3465B43CD258E892F25E88BD5185D28ED4491AEAF37BE8A5F7A89E9F22654155DF997D5AD97756A7BA6F45643BDF376DB9089DD285B2DE2A62CF6B3389682512A99EA23CEC58D5714DA7751DCA3B1B2D2B897CEB49E3352B63DE85FDC40725F51FFB3F5C1692D66450EE7645EC4CFF441920E988A807F8D0EC06D9109A9076D649457AE111462A2BE260BA1365801C227D114354137CDC47FF3C3154CE905E3882D626F2D885EE041938478874F8B2A18F4284063941C457F3D8068F7D72C79FFE3A8791B32B215618D38716637D1775AEFCA7203F047023CAAB70779AD710011B9BE66721729E80857031792599FCF18EECEF325C788FD0BEF26F63B48F119E32F41E5DE6150E394C54F59F243E61C7BCBADD935F511F53C0C374C8B3885BFFC7D871CBBF277129B93D554090534AF6CC8CAC2522CFCD76AF05D24DE06B0265E42B0E57F7D0DBBB182CBAF5B7C97BBDE663C3ECF711EE80F55A3E4B5281D42F044BF6D5B9037621F0A20CA36C8F7F621EB6BD97EFFF0B916AB4C44F850000, N'6.1.3-40302')
INSERT [dbo].[__MigrationHistory] ([MigrationId], [ContextKey], [Model], [ProductVersion]) VALUES (N'202003131425428_v7', N'MVC_Attendance_System.Migrations.Configuration', 0x1F8B0800000000000400ED5D596FE4B8117E0F90FF20E82909BCDD3E328389D1DE85D74762647C60DA33C89B414B745B191DBD12356B63B1BF2C0FF949F90B217592E22152524B72B29897B6487E2C168B45569155F39F7FFD7BF5C34BE05BDF609C785178621F2CF66D0B864EE47AE1E6C44ED1D3771FEC1FBEFFFDEF56176EF0627D29EB1D917AB865989CD8CF086D8F97CBC4798601481681E7C451123DA18513054BE046CBC3FDFDBF2C0F0E961043D818CBB2569FD2107901CCFEC07F9E45A103B72805FE75E4423F29BEE39275866ADD8000265BE0C013FBFACBD9C329423074016EF4B07E4D100C16793BDB3AF53D80695A43FFC9B640184608204CF1F1E704AE511C859BF5167F00FEFDEB16E27A4FC04F603192E3BABAEEA0F60FC9A09675C312CA4913140586800747059796CDE69D786D575CC47CBCC0FC46AF64D4192F4FEC9A85B6D5ECEEF8CC8F495535B31775C19E25ACB857090C962BF26FCF3A4B7D94C6F02484298A81BF67DDA58FBEE7FC1DBEDE475F617812A6BE4F138E49C765CC07FCE92E8EB63046AF9FE053319C354A5D18A2AB73DB5AB6D73E0708362BAE96CD8EAA867C1F3977B044E165625BD7E0E5230C37E8192FA0C30FB675E9BD40B7FC5288D8E7D0C3AB0A3742718AFFBCC1E3048F3EACCA97CAAE7382F35EC9EF7BBC788C4148A3077ADE87C0FB08C1B70E5037E09BB7C9844DCC64DBFA04FDAC3C79F6B6F9825ED0025656BB8CA3E053E433125D963EACA334CE061A49ABDC837803114BDF6A592F17F522DA6EB1F06664620513775F492CCEF4CBE9CA355F1EA4CDE8EB026E418C0266555E85E8E8B0ADE145003C5F41EFE1BBF75AF46AF48237B7272F0E60C59E1F232C8C20341EEC1D48929FA3D8FD1B489E15A4E39F0390BE864E1A63695F23106C77DEDBDD7314C29B3478248B68BCBE069B9AFB9FA34BE0A028BE0849ABDE781F23E76B94A28BD0252AF53372780DAB09300839A78E0393E4120B3374CFA294E85D66AD19C2111D477E0DB0FE3AEF3380DA0787D86ACA7D44B1D594BB912E89673EF082444C1EBB613C945529128535F81D515C4DB42BAA48752B3DAC452E5D5D4E725DAB956CAAAA29E91FA38D17EA71B9AC2A2739AFD14A6E51CD9454FC3BF09224330804E4DE55C52299E54B3999155431955902A4C7CCA2A69C9759855656E6B57A9DE2AEC848F1278297C9BFF21C57995CA7C9F606A245D97A91E35EC61813EFD25F171C2C3ED6E936AE8F7A87BA47BDA383C7A7A30FEFDE03F7E8FD9FE1D1BBF18F7DB2CD8062E31A6F91F0AF308431DEC7DC3BA284E3B09E019D8D638A6366367DA4D39D1F4EB29EBE003F1DBA2BEDD5704EE9E68EE64C0D31BD25C35A08A6C2ADB02F7628E675AF2DA7A48E32D7667CEB2970E34D9C3B22B5EFF7BDF579B6D30EAFCF33D8F9EBF38C4CFCF99BE712C34AC3335656C6F05AF54B8D6CBAB01A948DADD099618EDDF938BB98F672B9A34E951D157E0D31BDC2FFCD13DC0E7213A1DD1F65122C4269527543B69075F16927DE6163F3A7695A282CA4DEFB10E961F86D88A0CE7F1712EF11C2AA64405DB693A90C8392DE99A8F272E28797B6B721696FE5DA626AE727592EE2433E3DDF0F45B55A89F2A59C1215543153A269400974B9615C25973ED8D417F61DCF2939DCC067143C2BF824E9BFE259A40D44762AAE21B96FA8AF0DF1F993B8E5334BFFC4DEE7A68EA9FF09FE133A88AA7FC03333671BFDF1344922C7CBD823BEAE2CBDC66CCF17A16BE9B990EB7D9DBB07BDC68CF3C8373CC584DCE6D2BD0DCFA10F11B44E9DFC79C419481CE00A8E62981C43FA2A33B3A64FE0E16329FC13D731562A3026AD00B9C04BF0F47B21E23590173ADE16F85A1C6BB4D6D4608409553FCD9273B8C5428CC9D462890E01D2CD7A59F5D598A1364EAD9694249A0928E562D01502D1A581B6A0F262A0D59140E2682F1ADBC7FE6271B01B69E329D299709583AC97ECF13331043913486171EDA32B18CD3BA0B9A9C9C6E593444D168EB351D424CBB109D424CB92D9AB4981A52B9B7C95D95B4F3CED02D2D788AA1BC56984BE9334CA87318224CAE747A77395AF6B0A4D99DFE9EA2AA2C605EFDCF4247BB32C5193B9A53D8A9664D835819264F8317B1D2978C0239D78C5C3514A28A9074306A746C54BA137A423E5C3184310A5F3F31674A4C0A3221316957B85573F22D5B323D5A870EA8CAF17E55C1A4116E59CD0E95CECDEDE8920E6EE35DC06E116B4E7A95434E78FA410BE889E79E081150EB5A4F03536258380AF21E2946D625BB5634FA0393945C902151E471EA2A9205B7038878F0854E0156A81AD8D53111E6DF31BD057BE2A54D25798632DB0F50341111E7DCA37A0AF78A8A7242F5FEE2DA06D4042104ABC2979933C7FA52AAB1FCA36D79FB6D3B31A5325ABDC5AD67650525822796DEA6796131DB8443FD869E794CCF766EA7DEBC53181938DC26396E3E0EC2AD7653BAB440E221317512F1635DC3912A12A07D39B4BA25B769E436D1E0A5D1F05351A46B729F8A3F04AB4F17900A129745CBBCC084C650363B997C4B086AD44608A81F46790209042C09D166B4DD75EA306C39C4954DC915B683B9017D1FD2ACF8E369B41D76AA006209C4FDD43FE4032525EFA56A7D2AA6CB5CC03BD8B0FABA524227C750DB65B2FDC5011E2C5176B9D87879F7DB7368F960E728CA5C3F0B97986AE7A42510C36B0518ABBC6945E7A7182CE01028F80DC539FB901574D7806979C9CCA2EF963363F8FE5A9AA6C437EE7ED34A3B805264C817589C74BB6D96CE850B8C8F8C61689DE073E88E58FE7CE223F0DC2563B5D8E95BF86A361440FFA54085C50340DC6151AE216C1D11C64F19D475B2D1B1CE70C456E9E392B9E151D2DC192A998AE22D5B0D63AC8551B828CEDC4BAA6D92DB2B615E2C45C3E3262A5BC9694231671C63454F1C910830A55E5C0A8327D54369A98C6644BF4111B21C3CCE2668B0CA8A403831922E9824E78128E8A6B182C7C2E149859FE5CA93EB220289886161477C016D0DC2CD34715C40DD3C082627DEC3A889886ACBFCE46B90A6CFBC1342DEFC232D7B51A18BBD1B6E5FD5073FECC50A8D83C1A88FA6C885544DF7160C5F7D9C815EDFD184CA0CEA55E1F0D4952351E6FCB6D46CF893167AC24A4EEA4019444EE47EEA7242418F2AD8509F5627716657C9A1C9389DF62766F55FC9A1CCF4C154D2423B4076C30E1A02E05CCA542D5F86D987F7924148D907FD14728C39C688CF2DB6C4487F7DAEC44BB643738FD948B1862B74788F25A9646915DD54E36853B9AB69E5366365DFDCE8BFC763EC926CE79319B55AADE2B6F66C36BB92A3C88EDC92E3997625EC5B6CA7D0E2BCE7C5A4985C5FA27FFCCF7321F7B59E11A84DE134C501EB0621FEE1F1C36B264CE2763E532495C5FE08115A7AD64676CBEB1C1E137103BCF40941DF02A74E1CB89FD4BD6F4D8BAFAC743D57ACFBA8DF1F41D5BFBD6AF7C485A8FA06117FF4603A68FEC87C7A48FD484EA9C9EB183C4F48B28ACA7BEEF040AF29078C20C2DBC48D16D59A9AA89D04E66A81C5916B7D801944BC3F7E8A141B2239654FE21002F7F34254D9801B117A220CBE1507883B05096C5B00B963483A16891EB0C569CD1B00B69D26C86D98AEA99CB505FDB972DB3CF7BD655F239F47E4A71C13DE64643E93756D61031E21277DF186A31E3736B8EA45E59558C36DDBCE9A03B2E9731ACD742E7B38219C075C9FCD54124864FB4B5133111E7D6DA053B5B5C66FF93199C063BF00812340D863DA5A6E89295E93743675C4387CE8ED44B6DB31990DA4F17DD330B751091D1B3F24CBD25B3B97A8CA8C99B8EB1ECE57EB53765AF763B119341EFFE443C745E941984AE0A2259A6CF7E32663896EAFDC3DC0253CD739CD08145DD738C0C22C003898AF299C178394AFE3F3292CC4C4115A16CD3E71D195B41C9DE5ECC4C41196417999FA0D1318E1D139CBC15D152BEDC985F1C7CAF5C2133902C3EDC75F29420632B30C95B8199E92F93CC1FB39332FE7ED538F9C85B912C65E0D1FCF457C73C1E7349DD31A5DA6A796B340F9D35796E0E3E7CB039A76C3A055A27D49E0E81C2C8DF0C9DD8EE6384673FF79728A263F98E9A9A90EFAD5943D86596325A1C48DBEC52E0B2E03A15D451772B49ACD0EC9B36ABB94EE942516FAA9404AA4116668F7290451DF5202581FECDBEE90331D7295D28EAED4E1E8ADF9A49442B91887A88E2B06359C72D9DB67528EE6CE2AC246CA0BB3A374E9BA350F0A8539E1067964948F805DB8C4631C88E60C2DA59271919444618B5240904E9CF941DE414198A19BC9E6C063E0C2F13BBCA21328844D0EA54FC787F0086EC2067C840ACE00F5DCD3C08FD87BFE31C21C2D913CDDC2832609013847F358FCFE06948EEF8F3BFCE61E26D6A8815C60CA1C39CBEAB3A57E153541A010D8ACA2A8D3BCD6B88808B8FE6A731F29E80837031794798FDE71DC5FFCB70113C42F72ABC4DD1364578C83078F4995738C49850F59F253E61695EDD6EC95FC91043C0647AE459C46DF863EAF9F5FF277129B83D9540102BA5788E45E6129167599BD70AE9260A35810AF655C6D53D0CB63E064B6EC375F626DC9C362C7E1FE10638AFF5B3241948FB44B06C5F9D7B601383202930EAF6F84F2CC36EF0F2FD7F013DCF5EC04F850000, N'6.1.3-40302')
INSERT [dbo].[__MigrationHistory] ([MigrationId], [ContextKey], [Model], [ProductVersion]) VALUES (N'202003131528398_v9', N'MVC_Attendance_System.Migrations.Configuration', 0x1F8B0800000000000400ED5D596FE4B8117E0F90FF20E82909BCDD3E328389D1DE85D74762647C60DA33C89B414B745B191DBD12356B63B1BF2C0FF949F90B217592E22152524B72B29897B6487E2C168B45569155F39F7FFD7BF5C34BE05BDF609C785178621F2CF66D0B864EE47AE1E6C44ED1D3771FEC1FBEFFFDEF56176EF0627D29EB1D917AB865989CD8CF086D8F97CBC4798601481681E7C451123DA18513054BE046CBC3FDFDBF2C0F0E961043D818CBB2569FD2107901CCFEC07F9E45A103B72805FE75E4423F29BEE39275866ADD8000265BE0C013FBFACBD9C329423074016EF4B07E4D100C16793BDB3AF53D80695A43FFC9B640184608204CF1F1E704AE511C859BF5167F00FEFDEB16E27A4FC04F603192E3BABAEEA0F60FC9A09675C312CA4913140586800747059796CDE69D786D575CC47CBCC0FC46AF64D4192F4FEC9A85B6D5ECEEF8CC8F495535B31775C19E25ACB857090C962BF26FCF3A4B7D94C6F02484298A81BF67DDA58FBEE7FC1DBEDE475F617812A6BE4F138E49C765CC07FCE92E8EB63046AF9FE053319C354A5D18A2AB73DB5AB6D73E0708362BAE96CD8EAA867C1F3977B044E165625BD7E0E5230C37E8192FA0C30FB675E9BD40B7FC5288D8E7D0C3AB0A3742718AFFBCC1E3048F3EACCA97CAAE7382F35EC9EF7BBC788C4148A3077ADE87C0FB08C1370154A3E50DF8E66D32D912F3D4B63E413F2B4F9EBD6DBE7E17B43C95D52EE328F814F98C0097A50FEB288DB37145D22AF720DE40C4D2B75AD6AB43BD66B65B2CAB1999589FC4DD170E8B33FDEAB972CD57036933FA32805B10A380598457213A3A6C6B781100CF57D07BF8EEBD16BD1ABDE0BDECC98B0358B1E7C7080B23088D077B0792E4E72876FF06926705E9F8E700A4AFA193C658DAD70804DB9DF776F71C85F0260D1EC9221AAFAFC1A6E6FEE7E81238288A2F42D2AA37DEC7C8F91AA5E822748906FD8C9C56852A0318849C53C7814972898519BA67514AF42EB3D60CE1888E23BF06587F6D3D4BF719406D7B436C35E53EA2D86ACADD4897C4331F784122268FDD301ECAAA1489C21AFC8E28AE26DA1555A4BA951ED62297AE2E27B9AED54A3655D594F48FD1C60BF5B85C5695939CD76825B7A8664A2AFE1D7849929DFF05E4DE55C52299E54B3999155431955902A4C7CCA2A69C9759855656E6B57A9DE2AEC848F1278297C9BFF21C575958A7C9F606A245D97A91E35EC61813EFD25F171C2C3ED6E936AE8F7A87BA47BDA383C7A7A30FEFDE03F7E8FD9FE1D1BBF18F7DB2CD8062E31A6F91F0AF308431DEC7DC3BA284E3B09E019D8D638A6366367DA4D39D1F4EB29EBE003F1DBA2BEDD5704EE9E68EE64C0D31BD25C35A08A6C2ADB02F7628E675AF2DA7A48E32D7667CEB2970E34D9C3B22B5EFF7BDF579B6D30EAFCF33D8F9EBF38C4CFCF99BE712C34AC3115656C6F05AF54B8D6CBAB01A948DADD099618EDDF938BB98F672B9A34E951D157E0D31BDC2FFCDF1DB0E7213A1DD1F65122C4269527543B69075F1A9B3D5AEF20E1B9B3F4DD3426121F5DE87480FC36F430475FEBB90788F10562503EAB29D4C651894F4CE449597133FBCB4BD0D497B2BD716533B3FC972111FF2E9F97E28AAD54A942FE594A8A08A99124D034AA0CB0DE32AB9F4C1A6BE9FEF784EC9E1063EA3E059C12749FF15CF226D20B253710DC97D437D6D88CF9FC42D9F59FA27F63E37754CFD4FF09FD04154FD039E9939DBE88FA74912395EC61EF17565E935667BBE085D4BCF855CEFEBDC3DE835669C47BEE12926E43697EE6D780E7D88A075EAE4AF21CE40E200577014C3E418D2579999357D020F1F4BE19FB88EB15281316905C8055E82A7DF0B11AF81BCD0F1B6C0D7E258A3B5A606234CA8FA69969CC32D16624CA6164B7408906ED6CBAAAFC60CB5716AB5A424D14C40291783AE10882E0DB405951703AD8E0412477BD1D83EF6178B83DD481B4F91CE84AB1C64BD648F9F8921C899400A8B6B1F5DC168DE01CD4D4D362E9F246AB2709C8DA226598E4DA0265996CC5E4D0A2C5DD9E4ABCCDE7AE2691790BE4654DD284E23F49DA4513E8C1124513E3F3A9DAB7C5D5368CAFC4E575711352E78E7A627D99B65899ACC2DED51B424C3AE099424C38FD9EB48C1031EE9C42B1E8E5242493D183238352A5E0ABD211D291FC61882289D9FB7A023051E1599B0A8DC2BBCFA11A99E1DA9468553677CBD28E7D208B228E7844EE762F7F64E043177AFE13608B7A03D4FA5A2397F2485F045F4CC030FAC70A82585AFB12919047C0D11A76C13DBAA1D7B02CDC9294A16A8F038F2104D05D982C3397C44A002AF500B6C6D9C8AF0689BDF80BEF255A192BEC21C6B81AD1F088AF0E853BE017DC5433D2579F9726F016D03128250E24DC99BE4F92B5559FD50B6B9FEB49D9ED5982A59E5D6B2B68392C212C96B533FB39CE8C025FAC14E3BA764BE3753EF5B2F8E099C6C141EB31C076757B92EDB5925721099B8887AB1A8E1CE9108553998DE5C12DDB2F31C6AF350E8FA28A8D130BA4DC11F8557A28DCF03084DA1E3DA6546602A1B18CBBD2486356C2502530CA43F8304811402EEB4586BBAF61A3518E64CA2E28EDC42DB81BC88EE577976B4D90CBA56033500E17CEA1EF2079291F2D2B73A955665AB651ED75D7C582D2501E0AB6BB0DD7AE1860A082FBE58EB3C1AFCECBBB579707490632C1D86CFCD3374D5138A62B0818D52DC35A6F4D28B13740E107804E49EFACC0DB86AC233B8E4E45476C91FB3F9792C4F55651BF23B6FA719B42D30610AAC4B3C5EB2CD664387C245C637B648B03EF0412C7F3C7716F96910B6DAE972ACFC351C0D237AD0A742E062A06930AED010B78885E6208BEF3CDA6AD9E038672872F3CC59F1ACE86809964CC57415A986B5D641AEDA10646C27D635CD6E91B5AD1027E6F291112BE5B5A41CB18833A6A18A4F861854A82A074695E9A3B2D1C434265BA28FD808196616375B6440251D18CC10491774C29370545CC360E173A1C0CCF2E74AF5910541C134B4A0B803B680E666993EAA206E98061614EB63D741C43464FD7536CA5560DB0FA669791796B9AED5C0D88DB62DEF879AF3678642C5E6D140D46743AC22FA8E032BBECF46AE68EFC76002752EF5FA684892AAF1785B6E337A4E8C3963252175270DA024723F723F2521C1906F2D4CA817BBB328E3D3E4984CFC16B37BABE2D7E47866AA682219A13D608309077529602E15AAC66FC3FCCB23A16884FC8B3E4219E6446394DF66233ABCD76627DA25BBC1E9A75CC410BB3D4294D7B2348AECAA76B229DCD1B4F59C32B3E9EA775EE4B7F3493671CE8BD9AC52F55E79331B5ECB55E1416CCF6DC9B914F32AB655EE735871E6D34A2A2CD63FF967BE97F9D8CB0AD720F49E6082F28015FB70FFE0B09114733E092A9749E2FA020FAC384B253B63F38D0D0EBF81D87906A2EC8057A10B5F4EEC5FB2A6C7D6D53F1EAAD67BD66D8CA7EFD8DAB77EE543D27A040DBBF8371A305B643F3C265BA408AA472613A513718C80C27AE6FBCE9F200D89274CD0C24B14DD96152A1593791A988C89C29165618B1D40B92C7C8F1E1A24396249E51F02F0F24753D28409107B210A921C0E8537080B65490CBB60491318EAAD7105606FD2A4C90CB315D53395A1BEB22F5B669FF7ACABE473E8FD94E2827BCC8D86CE6FACAC2142C425DEBE31D462C6E7D61449BD92AA18EDB979D341375C2E6158AF85CE27053380EB92F8AB83480C9F676B2762224EADB50B76B678CCFE2713380D76E011E4671A0C7B4A4DD12529D36F76CEB8760E9D1CA997DA661320B59F2EBA2716EA2022A327E5997A4B6653F5185193371D63D9CBDD6A6FCA5EED76222683DEFD8978E8B42833885C1504B24C9FFC64CC682CD5F387B9C5A59AA738A1E38ABAA718194480071215E52B83F15294FC7F24249999822A22D9A64F3B32B682923DBD98998232482E323F41A3431C3BE637792BA2A57CB831BF30F85EA9426620597CB4EBE41941C6566092A70233D35F26893F662765FCF5AA71EE91B72259CAB8A3F9E9AF8E693CE692B9634AB5D5F2D4681E3A6BF2D41C7CF460734ED96C0AB44EA83D1D0285913F193AB1DDC708CF7EEE2F5104C7F21D353521DF5BB386B0CB2C63B4388EB6D9A5C065C1752AA8A3EE569257A1D9376D56739DD285A2DE54190954832CCC1EE5208B3AEA414AE2FC9B7DD30762AE53BA50D4DB9D3C12BF359188561E11F510C551C7B28E5B3A6DEB50DCD9C44949D83877756A9C3647A1E04DA73C1FCE2C7390F00BB6198C62901CC184B5B3CE3132888C306A491207D29F293B4829321433783DD98C7B185E26769542641089A0D5A9F8EDFE000CD941CA908158C11FBA9A6910FA0F7FC7294284B3279AB95164C0202508FF681E9FC1D390DCF1E77F9DC3C4DBD4102B8C194287397D5775AEC2A7A834021A1495551A779AD71001171FCD4F63E43D0107E162F28E30FBBF3B8AFF96E1227884EE55789BA26D8AF09061F0E833AF708831A1EA3FCB7BC2D2BCBADD92BF92218680C9F4C8B388DBF0C7D4F3EBFF4EE252707B2A8120564AF11C8BCC2522CFB236AF15D24D146A0215ECAB8CAB7B186C7D0C96DC86EBEC49B8396D58FC3EC20D705EEB67493290F68960D9BE3AF7C02606415260D4EDF19F5886DDE0E5FBFF02168EE9CC3D850000, N'6.1.3-40302')
INSERT [dbo].[__MigrationHistory] ([MigrationId], [ContextKey], [Model], [ProductVersion]) VALUES (N'202003202218426_premssion_UnknownStatus', N'MVC_Attendance_System.Migrations.Configuration', 0x1F8B0800000000000400ED5D596FE4B8117E0F90FF20E82909BCDD3E328389D1DE85D7C7C6D8F18169CF206F062DD16D6575F44AD48C8D20BF2C0FF949F90B217592E22152524B72B29897B6487E2C168B45569155F39F7FFD7BF5C34BE05B5F619C785178621F2CF66D0B864EE47AE1E6C44ED1D3771FEC1FBEFFFDEF56176EF0627D29EB1D917AB865989CD8CF086D8F97CBC4798601481681E7C451123DA18513054BE046CBC3FDFDBF2C0F0E961043D818CBB2569FD2107901CCFEC07F9E45A103B72805FE75E4423F29BEE39275866ADD8000265BE0C013FBFACBD9C329423074016EF4B07E4D100C16793BDB3AF53D80695A43FFC9B640184608204CF1F1E704AE511C859BF5167F00FEFDEB16E27A4FC04F603192E3BABAEEA0F60FC9A09675C312CA4913140586800747059796CDE69D786D575CC47CBCC0FC46AF64D4192F4FEC9A85B6D5ECEEF8CC8F495535B31775C19E25ACB857090C962BF26FCF3A4B7D94C6F02484298A81BF67DDA58FBEE7FC0C5FEFA35F607812A6BE4F138E49C765CC07FCE92E8EB63046AF9FE053319C354A5D18A2AB73DB5AB6D73E0708362BAE96CD8EAA867C1F3977B044E165625BD7E0E5230C37E8192FA0C30FB675E9BD40B7FC5288D8E7D0C3AB0A3742718AFFBCC1E3048F3EACCA97CAAE7382F35EC9EF7BBC788C4148A3077ADE87C0FB08C1570154A3E50DF8EA6D32D912F3D4B63E413F2B4F9EBD6DBE7E17B43C95D52EE328F814F98C0097A50FEB288DB37145D22AF720DE40C4D2B75AD6AB43BD66B65B2CAB1999589FC4DD170E8B33FDEAB972CD57036933FA32805B10A380598457213A3A6C6B781100CF57D07BF8EEBD16BD1ABDE0BDECC98B0358B1E7C7080B23088D077B0792E45B14BB7F05C9B38274FC7300D2D7D049632CED6B0482EDCE7BBB7B8E427893068F64118DD7D7605373FF2DBA040E8AE28B90B4EA8DF731727E89527411BA44837E464EAB4295010C42CEA9E3C024B9C4C20CDDB328257A97596B867044C7915F03ACBFB69EA5FB0CA0B6BD21B69A721F516C35E56EA44BE2990FBC201193C76E180F65558A44610D7E47145713ED8A2A52DD4A0F6B914B5797935CD76A259BAA6A4AFAC768E3857A5C2EABCA49CE6BB4925B54332515FF0EBC24C9CEFF0272EFAA6291CCF2A59CCC0AAA98CA2C01D263665153CECBAC422B2BF35ABD4E715764A4F813C1CBE45F798EAB2CACD3647B03D1A26CBDC8712F638C8977E95F161C2C3ED6E936AE8F7A87BA47BDA383C7A7A30FEFDE03F7E8FD9FE1D1BBF18F7DB2CD8062E31A6F91F02718C218EF63EE1D51C27158CF80CEC631C531339B3ED2E9CE0F27594F5F809F0EDD95F66A38A774734773A68698DE92612D0453E156D8173B14F3BAD796535247996B33BEF514B8F126CE1D91DAF7FBDEFA3CDB6987D7E719ECFCF5794626FEFCD5738961A5E1082B2B6378ADFAA546365D580DCAC656E8CC30C7EE7C9C5D4C7BB9DC51A7CA8E0ABF86985EE1FFE6F86D07B989D0EE8F320916A134A9BA215BC8BAF8D4D96A5779878DCD9FA669A1B0907AEF43A487E1B721823AFF5D48BC4708AB920175D94EA6320C4A7A67A2CACB891F5EDADE86A4BD956B8BA99D9F64B9880FF9F47C3F14D56A25CA97724A5450C54C89A60125D0E58671955CFA6053DFCF773CA7E470039F51F0ACE093A4FF8A67913610D9A9B886E4BEA1BE36C4E74FE296CF2CFD137B9F9B3AA6FE27F877E820AAFE81BAFEE7F0E730FA1656D50F79DEE75CA63F9E2649E4781937C5B79BA59399EDF822742D3D8F737D0CE0AE4DAF319F3DF20D4B04195D73A5DF86E7D087085AA74EFE78E20C240E700527374C8E217D95555AD3277008B214FE89EB18EB2018935680DCF725585ABC10F10ACB0B1D6F0B7C2D8E355A6B2A3CC284AA9F66C939DC6299C7646AB1448700E9DEBEACFA6ACC501BA7564B4A12CD0494F248E80A81E88E415B507931D0EA482071B4D38DED637FB1E057FB20D2C653A433E12A7F5A2FD9E3676208722690C2E2964857309A57467353938DBB2A899A2CFC6CA3A849966313A8499625B3579302C35836F92A2BB99E78DA63A4AF11551790D3087D2769940F63044994CF8F4EE72AD7D8149A32BF02D655448DFBE0B9E949F6225AA22673C37C142DC9B06B0225C9F063F63A52F0DE473AF18A77A6945052EF8B0C4E8D8A87456F4847CA873186204AE7E72DE848810346262C2A6F0CAF7E44AA6747AA51E1031A5F2FCAB934822CCA39A1D3B9D81BBE1341CCBD71B80DC22D684755A968CE1F49217C11BD0AC1032BFC6F49E19A6C4A06015F43C429DBC4B66A3FA04073728A92052A1C943C445341B6E0700E1F11A8C02BD4025B1BA7223CDAE637A0AF7C84A8A4AF30C75A60EBF784223CFA946F405FF1AE4F495EBEDC5B40DB808420947853F226792D4B5556BFAB6DAE3F6DA76735A64A56B9B5ACEDA0A4B044F2DAD4CF2C273A70897EDFD3CE2999EFCDD4FBD68B6302271B85C72CC7C1D955AECB7656891C44262EA25E2C6AB8732442550EA637974497F23C87DA3C14BA3E0A6A348C6E53F047E19568E3F3004253E8B876991198CA06C6722F89610D5B89C01403E9CF2041DC85803B2DD69AAEBD460D863993A8B823B7D076202FA2EB589E1D6D3683AED5400D40389FBA87FC8164A4BC23AE4EA555D96A998781171F564B49BCF8EA1A6CB75EB8A1E2C78B2FD63A0F1E3FFB6E6D1E4B1DE4184B87E173F30C5DF584A2186C60A314778D29BDF4E2049D03041E01B9D63E7303AE9AF00C2E3939955DF2C76C7E1ECB5355D986FCCEDB69C6780B4C9802EB128F976CB3D9D0A17091F18D2D12DB0F7C10CBDFDA9D457E1A84AD76BA1C2B7F3C47C388DEFFA910B890691A8C2B34C42D42A739C8E23B8FB65A3638CE198ADC3C73563C2B3A5A822553315D45AA61AD7590AB360419DB89754DB35B646D2BC489B97C64C44A792D29472CC29269A8E293210615D9CA815165FAA86CF0318DC996E82336228C99C5CD16195049C7113344D2059DF0241C15D73058F85CE430B3FCB9527D64410C310D2D28EE802DA0B959A68F2A0833A68105C5FAD875CC310D597F9D8D7215D8F683695ADE8565AE6B353076A36DCBFBA1E6FC99A150A17C3410F5D910AB08D6E3C08AEFB3912BDAFB3198409D4BBD3E1A92A46A3CDE96DB0CB61363CE584948DD49032889DC8FDC4F494830E45B0B1319C6EE2CCA7036392613EEC5ECDEAA7037399E992A9A4846680FD860C2415D0A984B85AAF1DB30FFF2C0291A21FFA28F504645D118E5B7D9880EEFB5D98976C96E70FA291731C46E8F10E5B52C8D22BBAA9D6C0A77346D3DA7CC6CBAFA9D17F9ED7C924D9CF36236AB54BD57DECC86D772557810DB5361722EC5BC8A6D95FB1C569CF9B4920A8BF5AFFE99EF653EF6B2C23508BD2798A03CBEC53EDC3F386CE4D09C4F3ECB6592B8BEC0032B4E6AC9CED87C4389C3AF20769E812899E055E8C29713FB1F59D363EBEA6F0F55EB3DEB36C6D3776CED5BFFE423D87AC418BBF8371A30B9643F3C26B9A408AA47E213A513718CF8C37AE6FBCE9F206B8927CCE7C24B14DD96152A1593791A98048BC29165518E1D40B9A47D8F1E1A24976249E51F02F0F24753D284F9127B210A72220E8537080B65390FBB6049F31DEAAD7105606FD2A4B90FB315D533F3A1BEB22F5B669FF7ACABE473E8FD9AE2827BCC8D86CE6FACAC2122CA25DEBE31D462C6E7D68C4ABD72B018EDB979D341375C2EBF58AF85CEE7103380EB9227AC83480C9F966B276222CEC4B50B76B678CCFE27F33D0D76E011A4731A0C7B4A4DD12587D36F76CEB8760E9D4BA997DA66F325B59F2EBAE721EA2022A3E7F0997A4B6633FB185193371D63D9CBDD6A6FCA5EED76222683DEFD8978E8B42833885C1504B24C9FFC64CC682CD5F387B9C5A59AA738A1E38ABAA718194480071215E52B83F15294FC7F24249999822A22D9A64F3B32B682923DBD98998232482E323F41A3431C3BE637792BA2A57CB831BF30F85EA9426620597CB4EBE41941C6566092A70233D35F26893F662765FCF5AA71EE91B72259CAB8A3F9E9AF8E693CE692B9634AB5D5F2D4681E3A6BF2D41C7CF460734ED96C0AB44EA83D1D0285913F193AB1DDC708CF7EEE2F5104C7F21D353521DF5BB386B0CB2CC1B4388EB6D9A5C065C1752AA8A3EE569257A1D9376D56739DD285A2DE54190954832CCC1EE5208B3AEA414AE2FC9B7DD30762AE53BA50D4DB9D3C12BF359188561E11F510C551C7B28E5B3A6DEB50DCD9C44949D83877756A9C3647A1E04DA73C1FCE2C7390F00BB6198C62901CC184B5B3CE3132888C306A491207D29F293B4829321433783DD98C7B185E26769542641089A0D5A9F8EDFE000CD941CA908158C11FBA9A6910FA0F7FC7294284B3279AB95164C0202508FF681E9FC1D390DCF1E77F9DC3C4DBD4102B8C194287397D5775AEC2A7A834021A1495551A779AD71001171FCD4F63E43D0107E162F28E30FBAF3E8AFF96E1227884EE55789BA26D8AF09061F0E833AF708831A1EA3FCB7BC2D2BCBADD92BF92218680C9F4C8B388DBF0C7D4F3EBFF7DE252707B2A8120564AF11C8BCC2522CFB236AF15D24D146A0215ECAB8CAB7B186C7D0C96DC86EBEC49B8396D58FC3EC20D705EEB67493290F68960D9BE3AF7C02606415260D4EDF19F5886DDE0E5FBFF029EA4A0296C850000, N'6.1.3-40302')
INSERT [dbo].[__MigrationHistory] ([MigrationId], [ContextKey], [Model], [ProductVersion]) VALUES (N'202003311342508_def', N'MVC_Attendance_System.Migrations.Configuration', 0x1F8B0800000000000400ED5D596FE4B8117E0F90FF20E82909BCDD3E328389D1DE85D7C7C6D8F18169CF206F062DD16D6575F44AD48C8D20BF2C0FF949F90B217592E22152524B72B29897B6487E2C168B45569155F39F7FFD7BF5C34BE05B5F619C785178621F2CF66D0B864EE47AE1E6C44ED1D3771FEC1FBEFFFDEF56176EF0627D29EB1D917AB865989CD8CF086D8F97CBC4798601481681E7C451123DA18513054BE046CBC3FDFDBF2C0F0E961043D818CBB2569FD2107901CCFEC07F9E45A103B72805FE75E4423F29BEE39275866ADD8000265BE0C013FBFACBD9C329423074016EF4B07E4D100C16793BDB3AF53D80695A43FFC9B640184608204CF1F1E704AE511C859BF5167F00FEFDEB16E27A4FC04F603192E3BABAEEA0F60FC9A09675C312CA4913140586800747059796CDE69D786D575CC47CBCC0FC46AF64D4192F4FEC9A85B6D5ECEEF8CC8F495535B31775C19E25ACB857090C962BF26FCF3A4B7D94C6F02484298A81BF67DDA58FBEE7FC0C5FEFA35F607812A6BE4F138E49C765CC07FCE92E8EB63046AF9FE053319C354A5D18A2AB73DB5AB6D73E0708362BAE96CD8EAA867C1F3977B044E165625BD7E0E5230C37E8192FA0C30FB675E9BD40B7FC5288D8E7D0C3AB0A3742718AFFBCC1E3048F3EACCA97CAAE7382F35EC9EF7BBC788C4148A3077ADE87C0FB08C1570154A3E50DF8EA6D32D912F3D4B63E413F2B4F9EBD6DBE7E17B43C95D52EE328F814F98C0097A50FEB288DB37145D22AF720DE40C4D2B75AD6AB43BD66B65B2CAB1999589FC4DD170E8B33FDEAB972CD57036933FA32805B10A380598457213A3A6C6B781100CF57D07BF8EEBD16BD1ABDE0BDECC98B0358B1E7C7080B23088D077B0792E45B14BB7F05C9B38274FC7300D2D7D049632CED6B0482EDCE7BBB7B8E427893068F64118DD7D7605373FF2DBA040E8AE28B90B4EA8DF731727E89527411BA44837E464EAB4295010C42CEA9E3C024B9C4C20CDDB328257A97596B867044C7915F03ACBFB69EA5FB0CA0B6BD21B69A721F516C35E56EA44BE2990FBC201193C76E180F65558A44610D7E47145713ED8A2A52DD4A0F6B914B5797935CD76A259BAA6A4AFAC768E3857A5C2EABCA49CE6BB4925B54332515FF0EBC24C9CEFF0272EFAA6291CCF2A59CCC0AAA98CA2C01D263665153CECBAC422B2BF35ABD4E715764A4F813C1CBE45F798EAB2CACD3647B03D1A26CBDC8712F638C8977E95F161C2C3ED6E936AE8F7A87BA47BDA383C7A7A30FEFDE03F7E8FD9FE1D1BBF18F7DB2CD8062E31A6F91F02718C218EF63EE1D51C27158CF80CEC631C531339B3ED2E9CE0F27594F5F809F0EDD95F66A38A774734773A68698DE92612D0453E156D8173B14F3BAD796535247996B33BEF514B8F126CE1D91DAF7FBDEFA3CDB6987D7E719ECFCF5794626FEFCD5738961A5E1082B2B6378ADFAA546365D580DCAC656E8CC30C7EE7C9C5D4C7BB9DC51A7CA8E0ABF86985EE1FFE6F86D07B989D0EE8F320916A134A9BA215BC8BAF8D4D96A5779878DCD9FA669A1B0907AEF43A487E1B721823AFF5D48BC4708AB920175D94EA6320C4A7A67A2CACB891F5EDADE86A4BD956B8BA99D9F64B9880FF9F47C3F14D56A25CA97724A5450C54C89A60125D0E58671955CFA6053DFCF773CA7E470039F51F0ACE093A4FF8A67913610D9A9B886E4BEA1BE36C4E74FE296CF2CFD137B9F9B3AA6FE27F877E820AAFE81BAFEE7F0E730FA1656D50F79DEE75CA63F9E2649E4781937C5B79BA59399EDF822742D3D8F737D0CE0AE4DAF319F3DF20D4B04195D73A5DF86E7D087085AA74EFE78E20C240E700527374C8E217D95555AD3277008B214FE89EB18EB2018935680DCF725585ABC10F10ACB0B1D6F0B7C2D8E355A6B2A3CC284AA9F66C939DC6299C7646AB1448700E9DEBEACFA6ACC501BA7564B4A12CD0494F248E80A81E88E415B507931D0EA482071B4D38DED637FB1E057FB20D2C653A433E12A7F5A2FD9E3676208722690C2E2964857309A57467353938DBB2A899A2CFC6CA3A849966313A8499625B3579302C35836F92A2BB99E78DA63A4AF11551790D3087D2769940F63044994CF8F4EE72AD7D8149A32BF02D655448DFBE0B9E949F6225AA22673C37C142DC9B06B0225C9F063F63A52F0DE473AF18A77A6945052EF8B0C4E8D8A87456F4847CA873186204AE7E72DE848810346262C2A6F0CAF7E44AA6747AA51E1031A5F2FCAB934822CCA39A1D3B9D81BBE1341CCBD71B80DC22D684755A968CE1F49217C11BD0AC1032BFC6F49E19A6C4A06015F43C429DBC4B66A3FA04073728A92052A1C943C445341B6E0700E1F11A8C02BD4025B1BA7223CDAE637A0AF7C84A8A4AF30C75A60EBF784223CFA946F405FF1AE4F495EBEDC5B40DB808420947853F226792D4B5556BFAB6DAE3F6DA76735A64A56B9B5ACEDA0A4B044F2DAD4CF2C273A70897EDFD3CE2999EFCDD4FBD68B6302271B85C72CC7C1D955AECB7656891C44262EA25E2C6AB8732442550EA637974497F23C87DA3C14BA3E0A6A348C6E53F047E19568E3F3004253E8B876991198CA06C6722F89610D5B89C01403E9CF2041DC85803B2DD69AAEBD460D863993A8B823B7D076202FA2EB589E1D6D3683AED5400D40389FBA87FC8164A4BC23AE4EA555D96A998781171F564B49BCF8EA1A6CB75EB8A1E2C78B2FD63A0F1E3FFB6E6D1E4B1DE4184B87E173F30C5DF584A2186C60A314778D29BDF4E2049D03041E01B9D63E7303AE9AF00C2E3939955DF2C76C7E1ECB5355D986FCCEDB69C6780B4C9802EB128F976CB3D9D0A17091F18D2D12DB0F7C10CBDFDA9D457E1A84AD76BA1C2B7F3C47C388DEFFA910B890691A8C2B34C42D42A739C8E23B8FB65A3638CE198ADC3C73563C2B3A5A822553315D45AA61AD7590AB360419DB89754DB35B646D2BC489B97C64C44A792D29472CC29269A8E293210615D9CA815165FAA86CF0318DC996E82336228C99C5CD16195049C7113344D2059DF0241C15D73058F85CE430B3FCB9527D64410C310D2D28EE802DA0B959A68F2A0833A68105C5FAD875CC310D597F9D8D7215D8F683695ADE8565AE6B353076A36DCBFBA1E6FC99A150A17C3410F5D910AB08D6E3C08AEFB3912BDAFB3198409D4BBD3E1A92A46A3CDE96DB0CB61363CE584948DD49032889DC8FDC4F494830E45B0B1319C6EE2CCA7036392613EEC5ECDEAA7037399E992A9A4846680FD860C2415D0A984B85AAF1DB30FFF2C0291A21FFA28F504645D118E5B7D9880EEFB5D98976C96E70FA291731C46E8F10E5B52C8D22BBAA9D6C0A77346D3DA7CC6CBAFA9D17F9ED7C924D9CF36236AB54BD57DECC86D772557810DB5361722EC5BC8A6D95FB1C569CF9B4920A8BF5AFFE99EF653EF6B2C23508BD2798A03CBEC53EDC3F386CE4D09C4F3ECB6592B8BEC0032B4E6AC9CED87C4389C3AF20769E812899E055E8C29713FB1F59D363EBEA6F0F55EB3DEB36C6D3776CED5BFFE423D87AC418BBF8371A30B9643F3C26B9A408AA47E213A513718CF8C37AE6FBCE9F206B8927CCE7C24B14DD96152A1593791A98048BC29165518E1D40B9A47D8F1E1A24976249E51F02F0F24753D284F9127B210A72220E8537080B65390FBB6049F31DEAAD7105606FD2A4B90FB315D533F3A1BEB22F5B669FF7ACABE473E8FD9AE2827BCC8D86CE6FACAC2122CA25DEBE31D462C6E7D68C4ABD72B018EDB979D341375C2EBF58AF85CEE7103380EB9227AC83480C9F966B276222CEC4B50B76B678CCFE27F33D0D76E011A4731A0C7B4A4DD12587D36F76CEB8760E9D4BA997DA66F325B59F2EBAE721EA2022A3E7F0997A4B6633FB185193371D63D9CBDD6A6FCA5EED76222683DEFD8978E8B42833885C1504B24C9FFC64CC682CD5F387B9C5A59AA738A1E38ABAA718194480071215E52B83F15294FC7F24249999822A22D9A64F3B32B682923DBD98998232482E323F41A3431C3BE637792BA2A57CB831BF30F85EA9426620597CB4EBE41941C6566092A70233D35F26893F662765FCF5AA71EE91B72259CAB8A3F9E9AF8E693CE692B9634AB5D5F2D4681E3A6BF2D41C7CF460734ED96C0AB44EA83D1D0285913F193AB1DDC708CF7EEE2F5104C7F21D353521DF5BB386B0CB2CC1B4388EB6D9A5C065C1752AA8A3EE569257A1D9376D56739DD285A2DE54190954832CCC1EE5208B3AEA414AE2FC9B7DD30762AE53BA50D4DB9D3C12BF359188561E11F510C551C7B28E5B3A6DEB50DCD9C44949D83877756A9C3647A1E04DA73C1FCE2C7390F00BB6198C62901CC184B5B3CE3132888C306A491207D29F293B4829321433783DD98C7B185E26769542641089A0D5A9F8EDFE000CD941CA908158C11FBA9A6910FA0F7FC7294284B3279AB95164C0202508FF681E9FC1D390DCF1E77F9DC3C4DBD4102B8C194287397D5775AEC2A7A834021A1495551A779AD71001171FCD4F63E43D0107E162F28E30FBAF3E8AFF96E1227884EE55789BA26D8AF09061F0E833AF708831A1EA3FCB7BC2D2BCBADD92BF92218680C9F4C8B388DBF0C7D4F3EBFF7DE252707B2A8120564AF11C8BCC2522CFB236AF15D24D146A0215ECAB8CAB7B186C7D0C96DC86EBEC49B8396D58FC3EC20D705EEB67493290F68960D9BE3AF7C02606415260D4EDF19F5886DDE0E5FBFF029EA4A0296C850000, N'6.1.3-40302')
INSERT [dbo].[AspNetRoles] ([Id], [Name]) VALUES (N'185b3c4d-8189-4965-9f2a-d8b22ab85914', N'Admin')
INSERT [dbo].[AspNetRoles] ([Id], [Name]) VALUES (N'5c67a6e0-47b2-481a-9d36-d8f0f6e7c42d', N'Security')
INSERT [dbo].[AspNetRoles] ([Id], [Name]) VALUES (N'02432f10-9f68-4208-aba9-64004af50ecd', N'Student')
INSERT [dbo].[AspNetUserRoles] ([UserId], [RoleId]) VALUES (N'1f08db26-ad09-41b7-a872-43d24efe3ffa', N'02432f10-9f68-4208-aba9-64004af50ecd')
INSERT [dbo].[AspNetUserRoles] ([UserId], [RoleId]) VALUES (N'23b9b3ad-5d8b-4b18-a6c0-ce65bef39b34', N'02432f10-9f68-4208-aba9-64004af50ecd')
INSERT [dbo].[AspNetUserRoles] ([UserId], [RoleId]) VALUES (N'26abc2f2-0980-4706-b980-8eb907a4e5af', N'02432f10-9f68-4208-aba9-64004af50ecd')
INSERT [dbo].[AspNetUserRoles] ([UserId], [RoleId]) VALUES (N'34b22440-f5d6-4853-b53e-7accb632186c', N'02432f10-9f68-4208-aba9-64004af50ecd')
INSERT [dbo].[AspNetUserRoles] ([UserId], [RoleId]) VALUES (N'39e6d577-b48c-4cf8-9d87-8c4daacebbf5', N'02432f10-9f68-4208-aba9-64004af50ecd')
INSERT [dbo].[AspNetUserRoles] ([UserId], [RoleId]) VALUES (N'71401396-57a1-4276-86dd-5608fe0b7493', N'02432f10-9f68-4208-aba9-64004af50ecd')
INSERT [dbo].[AspNetUserRoles] ([UserId], [RoleId]) VALUES (N'8fb6b6c6-4a9e-4fd0-babb-3570d888c090', N'02432f10-9f68-4208-aba9-64004af50ecd')
INSERT [dbo].[AspNetUserRoles] ([UserId], [RoleId]) VALUES (N'bcbf9045-418b-49f2-879f-40ea70971525', N'02432f10-9f68-4208-aba9-64004af50ecd')
INSERT [dbo].[AspNetUserRoles] ([UserId], [RoleId]) VALUES (N'bf9875a6-c220-46da-a69b-9c60f91c9598', N'02432f10-9f68-4208-aba9-64004af50ecd')
INSERT [dbo].[AspNetUserRoles] ([UserId], [RoleId]) VALUES (N'dde61306-58cd-4adf-ae4a-7c1684316e97', N'02432f10-9f68-4208-aba9-64004af50ecd')
INSERT [dbo].[AspNetUserRoles] ([UserId], [RoleId]) VALUES (N'e1f63838-6838-471f-bfd2-483b0df81577', N'02432f10-9f68-4208-aba9-64004af50ecd')
INSERT [dbo].[AspNetUserRoles] ([UserId], [RoleId]) VALUES (N'f7a222fd-ab23-44c6-8a82-2d48d5cc90b7', N'02432f10-9f68-4208-aba9-64004af50ecd')
INSERT [dbo].[AspNetUserRoles] ([UserId], [RoleId]) VALUES (N'1d4fce85-ac57-4f60-8e46-aefbdb9f7bf2', N'185b3c4d-8189-4965-9f2a-d8b22ab85914')
INSERT [dbo].[AspNetUserRoles] ([UserId], [RoleId]) VALUES (N'658a1614-1e87-4e72-8c5e-8dbc13ae9e21', N'5c67a6e0-47b2-481a-9d36-d8f0f6e7c42d')
INSERT [dbo].[AspNetUsers] ([Id], [Email], [EmailConfirmed], [PasswordHash], [SecurityStamp], [PhoneNumber], [PhoneNumberConfirmed], [TwoFactorEnabled], [LockoutEndDateUtc], [LockoutEnabled], [AccessFailedCount], [UserName], [DepartmentID]) VALUES (N'1d4fce85-ac57-4f60-8e46-aefbdb9f7bf2', N'admin@a.a', 0, N'AFbZcGFPbNynoFODvatT37QEbfA91ztSlvDK6Xuuc43Xa1Y8lRGtcjl2YpuSQugoGw==', N'13ec3646-5118-4861-b702-3c898e38388d', NULL, 0, 0, NULL, 1, 0, N'admin', NULL)
INSERT [dbo].[AspNetUsers] ([Id], [Email], [EmailConfirmed], [PasswordHash], [SecurityStamp], [PhoneNumber], [PhoneNumberConfirmed], [TwoFactorEnabled], [LockoutEndDateUtc], [LockoutEnabled], [AccessFailedCount], [UserName], [DepartmentID]) VALUES (N'1f08db26-ad09-41b7-a872-43d24efe3ffa', N'k@k.k', 0, N'ABFBHKJecHn6h+cb9D/Zy3goe6BCCeSCtPwxJPC0sAUpL6X61kh+Yqx+zkLkzJ8qzw==', N'fa0e297c-f620-44f0-9cfd-d52866b1648d', NULL, 0, 0, NULL, 1, 0, N'StudentK', 1)
INSERT [dbo].[AspNetUsers] ([Id], [Email], [EmailConfirmed], [PasswordHash], [SecurityStamp], [PhoneNumber], [PhoneNumberConfirmed], [TwoFactorEnabled], [LockoutEndDateUtc], [LockoutEnabled], [AccessFailedCount], [UserName], [DepartmentID]) VALUES (N'23b9b3ad-5d8b-4b18-a6c0-ce65bef39b34', N'john@a.a', 0, N'AIhcu1XUZ9SKVsx9Rxx/keFMyOsRtf5IfqoPE+XGyqy/Ss/ak8NsjLjQwDmNhQ3KYw==', N'95cb701b-5521-47c8-b869-40da983e7560', NULL, 0, 0, NULL, 1, 0, N'John', 1)
INSERT [dbo].[AspNetUsers] ([Id], [Email], [EmailConfirmed], [PasswordHash], [SecurityStamp], [PhoneNumber], [PhoneNumberConfirmed], [TwoFactorEnabled], [LockoutEndDateUtc], [LockoutEnabled], [AccessFailedCount], [UserName], [DepartmentID]) VALUES (N'26abc2f2-0980-4706-b980-8eb907a4e5af', N'Gehad@a.a', 0, N'AFF2iUjrowglmVVmN75Mr70tfniW4pi9dHRNMk32UgW4ntJTrGjd9C1kHUVey68qcA==', N'0481641e-4b43-4760-a793-17431773f1fe', NULL, 0, 0, NULL, 1, 0, N'Gehad', 2)
INSERT [dbo].[AspNetUsers] ([Id], [Email], [EmailConfirmed], [PasswordHash], [SecurityStamp], [PhoneNumber], [PhoneNumberConfirmed], [TwoFactorEnabled], [LockoutEndDateUtc], [LockoutEnabled], [AccessFailedCount], [UserName], [DepartmentID]) VALUES (N'34b22440-f5d6-4853-b53e-7accb632186c', N'dina@a.a', 0, N'ABA4l52efKFmH04D5k2wwMGpUgHxHIYtlqS1DOKKBVYr8muOj54BMuAr74YbSGMZ1A==', N'e19668e2-02b3-4c4f-b71f-9bb6c3521e76', NULL, 0, 0, NULL, 1, 0, N'Dina', 2)
INSERT [dbo].[AspNetUsers] ([Id], [Email], [EmailConfirmed], [PasswordHash], [SecurityStamp], [PhoneNumber], [PhoneNumberConfirmed], [TwoFactorEnabled], [LockoutEndDateUtc], [LockoutEnabled], [AccessFailedCount], [UserName], [DepartmentID]) VALUES (N'39e6d577-b48c-4cf8-9d87-8c4daacebbf5', N'Nardeen@a.a', 0, N'ANaFDmN4Iawl86vUCHvBH+kHlwyyGgc/FRuDsxUuP9XArEa6hJdXWfQcJJVwqTQhpQ==', N'2a502bd8-264c-4e42-b52e-e02610971847', NULL, 0, 0, NULL, 1, 0, N'Nardeen', 1)
INSERT [dbo].[AspNetUsers] ([Id], [Email], [EmailConfirmed], [PasswordHash], [SecurityStamp], [PhoneNumber], [PhoneNumberConfirmed], [TwoFactorEnabled], [LockoutEndDateUtc], [LockoutEnabled], [AccessFailedCount], [UserName], [DepartmentID]) VALUES (N'658a1614-1e87-4e72-8c5e-8dbc13ae9e21', N'security@a.a', 0, N'AIikeuNqkQs5ZGI7hu4BwaNLDoi6yQP6LShCMEvssVEnY3gmnO8PXlp5TnfF+Lu4SQ==', N'482bb5bf-0466-475d-ae61-a835929b0945', NULL, 0, 0, NULL, 1, 0, N'security', NULL)
INSERT [dbo].[AspNetUsers] ([Id], [Email], [EmailConfirmed], [PasswordHash], [SecurityStamp], [PhoneNumber], [PhoneNumberConfirmed], [TwoFactorEnabled], [LockoutEndDateUtc], [LockoutEnabled], [AccessFailedCount], [UserName], [DepartmentID]) VALUES (N'71401396-57a1-4276-86dd-5608fe0b7493', N'f@f.f', 0, N'ACn7ysKRqpfeHMGOYKEzOZjjqHnzmuu/eapPd7OUywhvSwuwGYN7KpJ8A7RQpHwWCg==', N'6ca746e3-f83c-4c25-bb63-3e52dc9f253e', NULL, 0, 0, NULL, 1, 0, N'Studentf', 2)
INSERT [dbo].[AspNetUsers] ([Id], [Email], [EmailConfirmed], [PasswordHash], [SecurityStamp], [PhoneNumber], [PhoneNumberConfirmed], [TwoFactorEnabled], [LockoutEndDateUtc], [LockoutEnabled], [AccessFailedCount], [UserName], [DepartmentID]) VALUES (N'8fb6b6c6-4a9e-4fd0-babb-3570d888c090', N'Smith@a.a', 0, N'AJdUW11QKHBfEyxGFnTSba5fsgt4Z3EX+Wufq1jEplP9ZuYgjYI7XErDx/J97G0jPA==', N'1c5a425e-46a8-4bb1-8f63-b2eef407cb4b', NULL, 0, 0, NULL, 1, 0, N'Smith', 1)
INSERT [dbo].[AspNetUsers] ([Id], [Email], [EmailConfirmed], [PasswordHash], [SecurityStamp], [PhoneNumber], [PhoneNumberConfirmed], [TwoFactorEnabled], [LockoutEndDateUtc], [LockoutEnabled], [AccessFailedCount], [UserName], [DepartmentID]) VALUES (N'bcbf9045-418b-49f2-879f-40ea70971525', N'n@n.n', 0, N'AHl/s7dgBlD1qQpQhXvXQ5c59brMRfd2GQK+P9Pxb9aUF/dq2KgnsB8ZL2IeGG4ZVA==', N'a4887cc6-a014-4932-a54f-5e905ab42ab5', NULL, 0, 0, NULL, 1, 0, N'StudentN', 2)
INSERT [dbo].[AspNetUsers] ([Id], [Email], [EmailConfirmed], [PasswordHash], [SecurityStamp], [PhoneNumber], [PhoneNumberConfirmed], [TwoFactorEnabled], [LockoutEndDateUtc], [LockoutEnabled], [AccessFailedCount], [UserName], [DepartmentID]) VALUES (N'bf9875a6-c220-46da-a69b-9c60f91c9598', N'ahmed@a.a', 0, N'AEcrOREnqI4OQoAuzGcCaY/kcRAW0+J2L1R8cYt4tszvFzx9c8JI9IgUtEXleIq+8g==', N'79950fca-36a9-4315-a894-30611661d213', NULL, 0, 0, NULL, 1, 0, N'Ahmed', 3)
INSERT [dbo].[AspNetUsers] ([Id], [Email], [EmailConfirmed], [PasswordHash], [SecurityStamp], [PhoneNumber], [PhoneNumberConfirmed], [TwoFactorEnabled], [LockoutEndDateUtc], [LockoutEnabled], [AccessFailedCount], [UserName], [DepartmentID]) VALUES (N'dde61306-58cd-4adf-ae4a-7c1684316e97', N'b@b.b', 0, N'ALjoBF1t9bhG8oZveR1WZdt3pBqKrc3/xks89ZZjzgMuqk+hnDAuN/SIzXvXr0BEmw==', N'd2c89a7f-2a9b-485d-808b-852ff602131d', NULL, 0, 0, NULL, 1, 0, N'StudentB', 1)
INSERT [dbo].[AspNetUsers] ([Id], [Email], [EmailConfirmed], [PasswordHash], [SecurityStamp], [PhoneNumber], [PhoneNumberConfirmed], [TwoFactorEnabled], [LockoutEndDateUtc], [LockoutEnabled], [AccessFailedCount], [UserName], [DepartmentID]) VALUES (N'e1f63838-6838-471f-bfd2-483b0df81577', N'nagwa@a.a', 0, N'AOLdqnfcxzxd36W1uZyPhZZ2UnLikbiY86FFdDU6fthVE4h0dMjepmo9nfRg65x5yw==', N'9f6f1b04-500f-4b7c-8f6d-e1a8bfdf1a0d', NULL, 0, 0, NULL, 1, 0, N'Nagwa', 2)
INSERT [dbo].[AspNetUsers] ([Id], [Email], [EmailConfirmed], [PasswordHash], [SecurityStamp], [PhoneNumber], [PhoneNumberConfirmed], [TwoFactorEnabled], [LockoutEndDateUtc], [LockoutEnabled], [AccessFailedCount], [UserName], [DepartmentID]) VALUES (N'f7a222fd-ab23-44c6-8a82-2d48d5cc90b7', N'student@a.a', 0, N'AB1zx42oSvBwIiYHhmuhEBqSMA9cCoq7V8t5YH/MgjxBzlB/tLSDSNejA4cRaw8ccQ==', N'5b70d607-9b56-4923-a0e3-a6cbfb63ddb8', NULL, 0, 0, NULL, 1, 0, N'student', 2)
INSERT [dbo].[Attendances] ([StudentID], [Date], [Time_Attendance], [Time_Leave]) VALUES (N'23b9b3ad-5d8b-4b18-a6c0-ce65bef39b34', CAST(N'2020-04-05T00:00:00.000' AS DateTime), CAST(N'2020-04-05T14:47:14.673' AS DateTime), CAST(N'2020-04-05T14:47:19.333' AS DateTime))
INSERT [dbo].[Attendances] ([StudentID], [Date], [Time_Attendance], [Time_Leave]) VALUES (N'23b9b3ad-5d8b-4b18-a6c0-ce65bef39b34', CAST(N'2020-04-07T00:00:00.000' AS DateTime), CAST(N'2020-04-07T23:16:13.263' AS DateTime), CAST(N'2020-04-07T23:16:34.633' AS DateTime))
INSERT [dbo].[Attendances] ([StudentID], [Date], [Time_Attendance], [Time_Leave]) VALUES (N'34b22440-f5d6-4853-b53e-7accb632186c', CAST(N'2020-03-17T00:00:00.000' AS DateTime), CAST(N'2020-03-17T00:09:26.073' AS DateTime), CAST(N'2020-03-17T00:09:47.023' AS DateTime))
INSERT [dbo].[Attendances] ([StudentID], [Date], [Time_Attendance], [Time_Leave]) VALUES (N'8fb6b6c6-4a9e-4fd0-babb-3570d888c090', CAST(N'2020-03-15T00:00:00.000' AS DateTime), CAST(N'2020-03-15T14:49:34.343' AS DateTime), CAST(N'2020-03-15T14:49:51.893' AS DateTime))
INSERT [dbo].[Attendances] ([StudentID], [Date], [Time_Attendance], [Time_Leave]) VALUES (N'8fb6b6c6-4a9e-4fd0-babb-3570d888c090', CAST(N'2020-04-05T00:00:00.000' AS DateTime), CAST(N'2020-04-05T15:02:40.813' AS DateTime), CAST(N'2020-04-05T15:02:45.213' AS DateTime))
INSERT [dbo].[Attendances] ([StudentID], [Date], [Time_Attendance], [Time_Leave]) VALUES (N'e1f63838-6838-471f-bfd2-483b0df81577', CAST(N'2020-03-17T00:00:00.000' AS DateTime), CAST(N'2020-03-17T00:09:36.717' AS DateTime), CAST(N'2020-03-17T00:09:51.823' AS DateTime))
SET IDENTITY_INSERT [dbo].[Departments] ON 

INSERT [dbo].[Departments] ([DepartmentID], [DepartmentName]) VALUES (1, N'SD')
INSERT [dbo].[Departments] ([DepartmentID], [DepartmentName]) VALUES (2, N'OS')
INSERT [dbo].[Departments] ([DepartmentID], [DepartmentName]) VALUES (3, N'EL')
INSERT [dbo].[Departments] ([DepartmentID], [DepartmentName]) VALUES (4, N'IoT')
INSERT [dbo].[Departments] ([DepartmentID], [DepartmentName]) VALUES (5, N'Mechatronics')
INSERT [dbo].[Departments] ([DepartmentID], [DepartmentName]) VALUES (6, N'SA')
SET IDENTITY_INSERT [dbo].[Departments] OFF
INSERT [dbo].[Permissions] ([StudentID], [Date], [Note], [status]) VALUES (N'23b9b3ad-5d8b-4b18-a6c0-ce65bef39b34', CAST(N'2020-03-15T00:00:00.000' AS DateTime), N'absent', 1)
INSERT [dbo].[Permissions] ([StudentID], [Date], [Note], [status]) VALUES (N'23b9b3ad-5d8b-4b18-a6c0-ce65bef39b34', CAST(N'2020-03-17T00:00:00.000' AS DateTime), N'note', 1)
INSERT [dbo].[Permissions] ([StudentID], [Date], [Note], [status]) VALUES (N'23b9b3ad-5d8b-4b18-a6c0-ce65bef39b34', CAST(N'2020-04-08T00:00:00.000' AS DateTime), N'note', 1)
INSERT [dbo].[Permissions] ([StudentID], [Date], [Note], [status]) VALUES (N'34b22440-f5d6-4853-b53e-7accb632186c', CAST(N'2020-03-15T15:48:03.000' AS DateTime), N'Note', 1)
INSERT [dbo].[Permissions] ([StudentID], [Date], [Note], [status]) VALUES (N'71401396-57a1-4276-86dd-5608fe0b7493', CAST(N'2020-03-17T00:00:00.000' AS DateTime), N'note', 1)
INSERT [dbo].[Permissions] ([StudentID], [Date], [Note], [status]) VALUES (N'8fb6b6c6-4a9e-4fd0-babb-3570d888c090', CAST(N'2020-03-17T00:00:00.000' AS DateTime), N'note', 1)
INSERT [dbo].[Permissions] ([StudentID], [Date], [Note], [status]) VALUES (N'bcbf9045-418b-49f2-879f-40ea70971525', CAST(N'2020-03-31T15:48:23.650' AS DateTime), N'Note ...', 1)
INSERT [dbo].[Permissions] ([StudentID], [Date], [Note], [status]) VALUES (N'dde61306-58cd-4adf-ae4a-7c1684316e97', CAST(N'2020-03-15T00:00:00.000' AS DateTime), N'note', 0)
INSERT [dbo].[Permissions] ([StudentID], [Date], [Note], [status]) VALUES (N'dde61306-58cd-4adf-ae4a-7c1684316e97', CAST(N'2020-03-17T00:00:00.000' AS DateTime), N'note', 0)
INSERT [dbo].[Permissions] ([StudentID], [Date], [Note], [status]) VALUES (N'dde61306-58cd-4adf-ae4a-7c1684316e97', CAST(N'2020-03-31T00:00:00.000' AS DateTime), N'permission', 0)
SET ANSI_PADDING ON

GO
/****** Object:  Index [RoleNameIndex]    Script Date: 7/18/2020 6:28:29 PM ******/
CREATE UNIQUE NONCLUSTERED INDEX [RoleNameIndex] ON [dbo].[AspNetRoles]
(
	[Name] ASC
)WITH (PAD_INDEX = OFF, STATISTICS_NORECOMPUTE = OFF, SORT_IN_TEMPDB = OFF, IGNORE_DUP_KEY = OFF, DROP_EXISTING = OFF, ONLINE = OFF, ALLOW_ROW_LOCKS = ON, ALLOW_PAGE_LOCKS = ON) ON [PRIMARY]
GO
SET ANSI_PADDING ON

GO
/****** Object:  Index [IX_UserId]    Script Date: 7/18/2020 6:28:29 PM ******/
CREATE NONCLUSTERED INDEX [IX_UserId] ON [dbo].[AspNetUserClaims]
(
	[UserId] ASC
)WITH (PAD_INDEX = OFF, STATISTICS_NORECOMPUTE = OFF, SORT_IN_TEMPDB = OFF, DROP_EXISTING = OFF, ONLINE = OFF, ALLOW_ROW_LOCKS = ON, ALLOW_PAGE_LOCKS = ON) ON [PRIMARY]
GO
SET ANSI_PADDING ON

GO
/****** Object:  Index [IX_UserId]    Script Date: 7/18/2020 6:28:29 PM ******/
CREATE NONCLUSTERED INDEX [IX_UserId] ON [dbo].[AspNetUserLogins]
(
	[UserId] ASC
)WITH (PAD_INDEX = OFF, STATISTICS_NORECOMPUTE = OFF, SORT_IN_TEMPDB = OFF, DROP_EXISTING = OFF, ONLINE = OFF, ALLOW_ROW_LOCKS = ON, ALLOW_PAGE_LOCKS = ON) ON [PRIMARY]
GO
SET ANSI_PADDING ON

GO
/****** Object:  Index [IX_RoleId]    Script Date: 7/18/2020 6:28:29 PM ******/
CREATE NONCLUSTERED INDEX [IX_RoleId] ON [dbo].[AspNetUserRoles]
(
	[RoleId] ASC
)WITH (PAD_INDEX = OFF, STATISTICS_NORECOMPUTE = OFF, SORT_IN_TEMPDB = OFF, DROP_EXISTING = OFF, ONLINE = OFF, ALLOW_ROW_LOCKS = ON, ALLOW_PAGE_LOCKS = ON) ON [PRIMARY]
GO
SET ANSI_PADDING ON

GO
/****** Object:  Index [IX_UserId]    Script Date: 7/18/2020 6:28:29 PM ******/
CREATE NONCLUSTERED INDEX [IX_UserId] ON [dbo].[AspNetUserRoles]
(
	[UserId] ASC
)WITH (PAD_INDEX = OFF, STATISTICS_NORECOMPUTE = OFF, SORT_IN_TEMPDB = OFF, DROP_EXISTING = OFF, ONLINE = OFF, ALLOW_ROW_LOCKS = ON, ALLOW_PAGE_LOCKS = ON) ON [PRIMARY]
GO
/****** Object:  Index [IX_DepartmentID]    Script Date: 7/18/2020 6:28:29 PM ******/
CREATE NONCLUSTERED INDEX [IX_DepartmentID] ON [dbo].[AspNetUsers]
(
	[DepartmentID] ASC
)WITH (PAD_INDEX = OFF, STATISTICS_NORECOMPUTE = OFF, SORT_IN_TEMPDB = OFF, DROP_EXISTING = OFF, ONLINE = OFF, ALLOW_ROW_LOCKS = ON, ALLOW_PAGE_LOCKS = ON) ON [PRIMARY]
GO
SET ANSI_PADDING ON

GO
/****** Object:  Index [UserNameIndex]    Script Date: 7/18/2020 6:28:29 PM ******/
CREATE UNIQUE NONCLUSTERED INDEX [UserNameIndex] ON [dbo].[AspNetUsers]
(
	[UserName] ASC
)WITH (PAD_INDEX = OFF, STATISTICS_NORECOMPUTE = OFF, SORT_IN_TEMPDB = OFF, IGNORE_DUP_KEY = OFF, DROP_EXISTING = OFF, ONLINE = OFF, ALLOW_ROW_LOCKS = ON, ALLOW_PAGE_LOCKS = ON) ON [PRIMARY]
GO
SET ANSI_PADDING ON

GO
/****** Object:  Index [IX_StudentID]    Script Date: 7/18/2020 6:28:29 PM ******/
CREATE NONCLUSTERED INDEX [IX_StudentID] ON [dbo].[Attendances]
(
	[StudentID] ASC
)WITH (PAD_INDEX = OFF, STATISTICS_NORECOMPUTE = OFF, SORT_IN_TEMPDB = OFF, DROP_EXISTING = OFF, ONLINE = OFF, ALLOW_ROW_LOCKS = ON, ALLOW_PAGE_LOCKS = ON) ON [PRIMARY]
GO
SET ANSI_PADDING ON

GO
/****** Object:  Index [IX_StudentID]    Script Date: 7/18/2020 6:28:29 PM ******/
CREATE NONCLUSTERED INDEX [IX_StudentID] ON [dbo].[Permissions]
(
	[StudentID] ASC
)WITH (PAD_INDEX = OFF, STATISTICS_NORECOMPUTE = OFF, SORT_IN_TEMPDB = OFF, DROP_EXISTING = OFF, ONLINE = OFF, ALLOW_ROW_LOCKS = ON, ALLOW_PAGE_LOCKS = ON) ON [PRIMARY]
GO
ALTER TABLE [dbo].[AspNetUserClaims]  WITH CHECK ADD  CONSTRAINT [FK_dbo.AspNetUserClaims_dbo.AspNetUsers_UserId] FOREIGN KEY([UserId])
REFERENCES [dbo].[AspNetUsers] ([Id])
ON DELETE CASCADE
GO
ALTER TABLE [dbo].[AspNetUserClaims] CHECK CONSTRAINT [FK_dbo.AspNetUserClaims_dbo.AspNetUsers_UserId]
GO
ALTER TABLE [dbo].[AspNetUserLogins]  WITH CHECK ADD  CONSTRAINT [FK_dbo.AspNetUserLogins_dbo.AspNetUsers_UserId] FOREIGN KEY([UserId])
REFERENCES [dbo].[AspNetUsers] ([Id])
ON DELETE CASCADE
GO
ALTER TABLE [dbo].[AspNetUserLogins] CHECK CONSTRAINT [FK_dbo.AspNetUserLogins_dbo.AspNetUsers_UserId]
GO
ALTER TABLE [dbo].[AspNetUserRoles]  WITH CHECK ADD  CONSTRAINT [FK_dbo.AspNetUserRoles_dbo.AspNetRoles_RoleId] FOREIGN KEY([RoleId])
REFERENCES [dbo].[AspNetRoles] ([Id])
ON DELETE CASCADE
GO
ALTER TABLE [dbo].[AspNetUserRoles] CHECK CONSTRAINT [FK_dbo.AspNetUserRoles_dbo.AspNetRoles_RoleId]
GO
ALTER TABLE [dbo].[AspNetUserRoles]  WITH CHECK ADD  CONSTRAINT [FK_dbo.AspNetUserRoles_dbo.AspNetUsers_UserId] FOREIGN KEY([UserId])
REFERENCES [dbo].[AspNetUsers] ([Id])
ON DELETE CASCADE
GO
ALTER TABLE [dbo].[AspNetUserRoles] CHECK CONSTRAINT [FK_dbo.AspNetUserRoles_dbo.AspNetUsers_UserId]
GO
ALTER TABLE [dbo].[AspNetUsers]  WITH CHECK ADD  CONSTRAINT [FK_dbo.AspNetUsers_dbo.Departments_DepartmentID] FOREIGN KEY([DepartmentID])
REFERENCES [dbo].[Departments] ([DepartmentID])
GO
ALTER TABLE [dbo].[AspNetUsers] CHECK CONSTRAINT [FK_dbo.AspNetUsers_dbo.Departments_DepartmentID]
GO
ALTER TABLE [dbo].[Attendances]  WITH CHECK ADD  CONSTRAINT [FK_dbo.Attendances_dbo.AspNetUsers_StudentID] FOREIGN KEY([StudentID])
REFERENCES [dbo].[AspNetUsers] ([Id])
ON DELETE CASCADE
GO
ALTER TABLE [dbo].[Attendances] CHECK CONSTRAINT [FK_dbo.Attendances_dbo.AspNetUsers_StudentID]
GO
ALTER TABLE [dbo].[Permissions]  WITH CHECK ADD  CONSTRAINT [FK_dbo.Permissions_dbo.AspNetUsers_StudentID] FOREIGN KEY([StudentID])
REFERENCES [dbo].[AspNetUsers] ([Id])
ON DELETE CASCADE
GO
ALTER TABLE [dbo].[Permissions] CHECK CONSTRAINT [FK_dbo.Permissions_dbo.AspNetUsers_StudentID]
GO
USE [master]
GO
ALTER DATABASE [MVC_Attendance_System] SET  READ_WRITE 
GO
